{"'\u00d4r\u00f4\u00ea": "Orowe", "A'tong": "Atong (India)", "A-hmaos": "Large Flowery Miao", "Abnaki, Eastern": "Eastern Abnaki", "Abnaki, Western": "Western Abnaki", "Acatepec Tlapanec": "Acatepec Me'phaa", "Acipa, Eastern": "Eastern Acipa", "Adygei": "Adyghe", "Afghan Persian": "Dari", "Afra": "Usku", "Agta, Alabat Island": "Alabat Island Agta", "Agta, Casiguran Dumagat": "Casiguran Dumagat Agta", "Agta, Central Cagayan": "Central Cagayan Agta", "Agta, Dicamay": "Dicamay Agta", "Agta, Dupaninan": "Dupaninan Agta", "Agta, Isarog": "Isarog Agta", "Agta, Mt. Iraya": "Mt. Iraya Agta", "Agta, Mt. Iriga": "Mt. Iriga Agta", "Agta, Pahanan": "Pahanan Agta", "Agta, Umiray Dumaget": "Umiray Dumaget Agta", "Agta, Villa Viciosa": "Villa Viciosa Agta", "Ainu": "Ainu (Japan)", "Aizi, Aproumu": "Aproumu Aizi", "Aizi, Mobumrin": "Mobumrin Aizi", "Aizi, Tiagbamrin": "Tiagbamrin Aizi", "Ajiya": "Idon", "Albanian, Arb\u00ebresh\u00eb": "Arb\u00ebresh\u00eb Albanian", "Albanian, Arvanitika": "Arvanitika Albanian", "Albanian, Gheg": "Gheg Albanian", "Albanian, Tosk": "Tosk Albanian", "Alemannic": "Swiss German", "Aleut, Mednyj": "Mednyj Aleut", "Algonquian, Carolina": "Carolina Algonquian", "Alsatian": "Swiss German", "Alta, Northern": "Northern Alta", "Alta, Southern": "Southern Alta", "Altai, Northern": "Northern Altai", "Altai, Southern": "Southern Altai", "Amami-Oshima, Northern": "Northern Amami-Oshima", "Amami-Oshima, Southern": "Southern Amami-Oshima", "Ambae, East": "East Ambae", "Ambae, West": "West Ambae", "Amben": "Hember Avu", "Ambrym, North": "North Ambrym", "Ambrym, Southeast": "Southeast Ambrym", "Amio-Gelimi": "Lesing-Gelimi", "Amuzgo, Guerrero": "Guerrero Amuzgo", "Amuzgo, Ipalapa": "Ipalapa Amuzgo", "Amuzgo, San Pedro Amuzgos": "San Pedro Amuzgos Amuzgo", "Ancient Aramaic (up to 700 BCE)": "Old Aramaic (up to 700 BCE)", "Antikarinya": "Antakarinya", "Apache, Jicarilla": "Jicarilla Apache", "Apache, Kiowa": "Kiowa Apache", "Apache, Lipan": "Lipan Apache", "Apache, Mescalero-Chiricahua": "Mescalero-Chiricahua Apache", "Apache, Western": "Western Apache", "Arabic, Algerian": "Algerian Arabic", "Arabic, Algerian Saharan": "Algerian Saharan Arabic", "Arabic, Andalusian": "Andalusian Arabic", "Arabic, Baharna": "Baharna Arabic", "Arabic, Chadian": "Chadian Arabic", "Arabic, Cypriot": "Cypriot Arabic", "Arabic, Dhofari": "Dhofari Arabic", "Arabic, Eastern Egyptian Bedawi": "Eastern Egyptian Bedawi Arabic", "Arabic, Egyptian": "Egyptian Arabic", "Arabic, Gulf": "Gulf Arabic", "Arabic, Hadrami": "Hadrami Arabic", "Arabic, Hijazi": "Hijazi Arabic", "Arabic, Judeo-Iraqi": "Judeo-Iraqi Arabic", "Arabic, Judeo-Moroccan": "Judeo-Moroccan Arabic", "Arabic, Judeo-Tripolitanian": "Judeo-Tripolitanian Arabic", "Arabic, Judeo-Yemeni": "Judeo-Yemeni Arabic", "Arabic, Levantine": "Levantine Arabic", "Arabic, Libyan": "Libyan Arabic", "Arabic, Mesopotamian": "Mesopotamian Arabic", "Arabic, Moroccan": "Moroccan Arabic", "Arabic, Najdi": "Najdi Arabic", "Arabic, North Mesopotamian": "North Mesopotamian Arabic", "Arabic, Omani": "Omani Arabic", "Arabic, Saidi": "Saidi Arabic", "Arabic, Sanaani": "Sanaani Arabic", "Arabic, Shihhi": "Shihhi Arabic", "Arabic, Siculo": "Siculo Arabic", "Arabic, Standard": "Standard Arabic", "Arabic, Sudanese": "Sudanese Arabic", "Arabic, Ta'izzi-Adeni": "Ta'izzi-Adeni Arabic", "Arabic, Tajiki": "Tajiki Arabic", "Arabic, Tunisian": "Tunisian Arabic", "Arabic, Uzbeki": "Uzbeki Arabic", "Aramaic, Ancient (up to 700 BCE)": "Old Aramaic (up to 700 BCE)", "Aramaic, Imperial (700-300 BCE)": "Official Aramaic (700-300 BCE)", "Aramaic, Jewish Babylonian (ca. 200-1200 CE)": "Jewish Babylonian Aramaic (ca. 200-1200 CE)", "Aramaic, Jewish Palestinian": "Jewish Palestinian Aramaic", "Aramaic, Official (700-300 BCE)": "Official Aramaic (700-300 BCE)", "Aramaic, Old (up to 700 BCE)": "Old Aramaic (up to 700 BCE)", "Aramaic, Samaritan": "Samaritan Aramaic", "Aranda, Lower Southern": "Lower Southern Aranda", "Arapesh, Abu'": "Abu' Arapesh", "Arapesh, Bumbita": "Bumbita Arapesh", "Araw\u00e1": "Aru\u00e1 (Amazonas State)", "Armenian, Classical": "Classical Armenian", "Armenian, Middle": "Middle Armenian", "Armenian, Western": "Western Armenian", "Aromanian": "Macedo-Romanian", "Arrarnta, Western": "Western Arrarnta", "Arrernte, Eastern": "Eastern Arrernte", "Arumanian": "Macedo-Romanian", "Ar\u00e1ra, Mato Grosso": "Mato Grosso Ar\u00e1ra", "Ar\u00e1ra, Par\u00e1": "Par\u00e1 Ar\u00e1ra", "Ash\u00e9ninka, Pichis": "Pichis Ash\u00e9ninka", "Ash\u00e9ninka, South Ucayali": "South Ucayali Ash\u00e9ninka", "Ash\u00e9ninka, Ucayali-Yur\u00faa": "Ucayali-Yur\u00faa Ash\u00e9ninka", "Asmat, Casuarina Coast": "Casuarina Coast Asmat", "Asmat, Central": "Central Asmat", "Asmat, North": "North Asmat", "Asmat, Yaosakor": "Yaosakor Asmat", "Asturleonese": "Asturian", "Asurini, Tocantins": "Tocantins Asurini", "Asurin\u00ed, Xing\u00fa": "Xing\u00fa Asurin\u00ed", "Atta, Faire": "Faire Atta", "Atta, Pamplona": "Pamplona Atta", "Atta, Pudtol": "Pudtol Atta", "Australian Sign Language": "Auslan", "Ava Guaran\u00ed": "Chirip\u00e1", "Avar, Old": "Old Avar", "Avava": "Katbol", "Awyu, Asue": "Asue Awyu", "Awyu, Central": "Central Awyu", "Awyu, Edera": "Edera Awyu", "Awyu, Jair": "Jair Awyu", "Awyu, North": "North Awyu", "Awyu, South": "South Awyu", "Ayangan Ifugao": "Batad Ifugao", "Aymara, Central": "Central Aymara", "Aymara, Southern": "Southern Aymara", "Ayta, Abellen": "Abellen Ayta", "Ayta, Ambala": "Ambala Ayta", "Ayta, Mag-Indi": "Mag-Indi Ayta", "Ayta, Mag-antsi": "Mag-antsi Ayta", "Ayta, Magbukun": "Magbukun Ayta", "Ayta, Sorsogon": "Sorsogon Ayta", "Azerbaijani, North": "North Azerbaijani", "Azerbaijani, South": "South Azerbaijani", "Azoy\u00fa Tlapanec": "Azoy\u00fa Me'phaa", "Babar, North": "North Babar", "Babar, Southeast": "Southeast Babar", "Bable": "Asturian", "Bai": "Bai (South Sudan)", "Bai, Central": "Central Bai", "Bai, Lama": "Lama Bai", "Bai, Northern": "Panyi Bai", "Bai, Panyi": "Panyi Bai", "Bai, Southern": "Southern Bai", "Bajau, Indonesian": "Indonesian Bajau", "Bajau, West Coast": "West Coast Bajau", "Balochi, Eastern": "Eastern Balochi", "Balochi, Southern": "Southern Balochi", "Balochi, Western": "Western Balochi", "Banam Bay": "Burmbar", "Banda, Mid-Southern": "Mid-Southern Banda", "Banda, South Central": "South Central Banda", "Banda, Togbo-Vara": "Togbo-Vara Banda", "Banda, West Central": "West Central Banda", "Bangingih Sama": "Balangingi", "Bareli, Palya": "Palya Bareli", "Bareli, Pauri": "Pauri Bareli", "Bareli, Rathwi": "Rathwi Bareli", "Basa": "Basa (Cameroon)", "Batyala": "Batjala", "Bedawiyet": "Beja", "Begbere-Ejar": "Koro Wachi", "Bemba": "Bemba (Zambia)", "Beneraf": "Bonerif", "Berawan, Central": "Central Berawan", "Berawan, East": "East Berawan", "Berawan, West": "West Berawan", "Bhasa, Nepal": "Nepal Bhasa", "Bhil, Sindhi": "Sindhi Bhil", "Bhoti, Spiti": "Spiti Bhoti", "Bhoti, Stod": "Stod Bhoti", "Bidayuh, Bau": "Bau Bidayuh", "Bidayuh, Biatah": "Biatah Bidayuh", "Bidayuh, Bukar-Sadung": "Bukar-Sadung Bidayuh", "Bidayuh, Tringgus-Sembaan": "Tringgus-Sembaan Bidayuh", "Bikol, Buhi'non": "Buhi'non Bikol", "Bikol, Central": "Central Bikol", "Bikol, Libon": "Libon Bikol", "Bikol, Miraya": "Miraya Bikol", "Bikol, Northern Catanduanes": "Northern Catanduanes Bikol", "Bikol, Rinconada": "Rinconada Bikol", "Bikol, Southern Catanduanes": "Southern Catanduanes Bikol", "Bikol, West Albay": "West Albay Bikol", "Bilakura": "Karian", "Binukidnon, Northern": "Northern Binukidnon", "Binukidnon, Southern": "Southern Binukidnon", "Birifor, Malba": "Malba Birifor", "Birifor, Southern": "Southern Birifor", "Bisa": "Bissa", "Bisaya, Brunei": "Brunei Bisaya", "Bisaya, Sabah": "Sabah Bisaya", "Blaan, Koronadal": "Koronadal Blaan", "Blaan, Sarangani": "Sarangani Blaan", "Blin": "Bilin", "Bliss": "Blissymbols", "Blissymbolics": "Blissymbols", "Bobo Madar\u00e9, Northern": "Northern Bobo Madar\u00e9", "Bobo Madar\u00e9, Southern": "Southern Bobo Madar\u00e9", "Bokm\u00e5l, Norwegian": "Norwegian Bokm\u00e5l", "Bolo": "Kibala", "Bontok, Central": "Central Bontok", "Bontok, Eastern": "Eastern Bontok", "Bontok, Northern": "Northern Bontok", "Bontok, Southern": "Southern Bontok", "Bontok, Southwestern": "Southwestern Bontok", "Boo": "Boko (Benin)", "Bor, Belanda": "Belanda Bor", "Borna (Ethiopia)": "Boro (Ethiopia)", "Bozo, Jenaama": "Jenaama Bozo", "Bozo, K\u025bl\u025bngaxo": "K\u025bl\u025bngaxo Bozo", "Bozo, Tiemac\u00e8w\u00e8": "Tiemac\u00e8w\u00e8 Bozo", "Bozo, Ti\u00e9yaxo": "Ti\u00e9yaxo Bozo", "Breton, Middle": "Middle Breton", "Breton, Old": "Old Breton", "Bru, Eastern": "Eastern Bru", "Bru, Western": "Western Bru", "Buang, Mangga": "Mangga Buang", "Buang, Mapos": "Mapos Buang", "Bulgarian, Old": "Church Slavic", "Bunu, Bu-Nao": "Bu-Nao Bunu", "Bunu, Jiongnai": "Jiongnai Bunu", "Bunu, Wunai": "Wunai Bunu", "Bunu, Younuo": "Younuo Bunu", "Burdekin, Lower": "Lower Burdekin", "Buriat, China": "China Buriat", "Buriat, Mongolia": "Mongolia Buriat", "Buriat, Russia": "Russia Buriat", "Burmese, Old": "Old Burmese", "Businenge Tongo": "Eastern Maroon Creole", "Buxinhua": "Bit", "Buyang, Baha": "Baha Buyang", "Buyang, E'ma": "E'ma Buyang", "Buyang, Langnian": "Langnian Buyang", "Bwamu, Cwi": "Cwi Bwamu", "Bwamu, L\u00e1\u00e1 L\u00e1\u00e1": "L\u00e1\u00e1 L\u00e1\u00e1 Bwamu", "B\u00e9te, Guiberoua": "Guiberoua B\u00e9te", "B\u00e9t\u00e9, Daloa": "Daloa B\u00e9t\u00e9", "B\u00e9t\u00e9, Gagnoa": "Gagnoa B\u00e9t\u00e9", "Cakchiquel": "Kaqchikel", "Carib, Galibi": "Galibi Carib", "Carib, Island": "Island Carib", "Carrier, Southern": "Southern Carrier", "Castilian": "Spanish", "Central Dusun": "Kadazan Dusun", "Central Huishui Miao": "Central Huishui Hmong", "Central Khmer": "Khmer", "Central Lalo": "Xishanba Lalo", "Central Mashan Miao": "Central Mashan Hmong", "Cham, Eastern": "Eastern Cham", "Cham, Old": "Old Cham", "Cham, Western": "Western Cham", "Chatino, Eastern Highland": "Eastern Highland Chatino", "Chatino, Nopala": "Nopala Chatino", "Chatino, Tataltepec": "Tataltepec Chatino", "Chatino, Western Highland": "Western Highland Chatino", "Chatino, Zacatepec": "Zacatepec Chatino", "Chatino, Zenzontepec": "Zenzontepec Chatino", "Chehalis, Lower": "Lower Chehalis", "Chehalis, Upper": "Upper Chehalis", "Cheq Wong": "Chewong", "Chetti, Wayanad": "Wayanad Chetti", "Chewa": "Nyanja", "Chichewa": "Nyanja", "Chichonyi-Chidzihana-Chikauma": "Chonyi-Dzihana-Kauma", "Chidigo": "Digo", "Chiduruma": "Duruma", "Chimakum": "Chemakum", "Chin, Anu-Hkongso": "Anu-Hkongso Chin", "Chin, Asho": "Asho Chin", "Chin, Bawm": "Bawm Chin", "Chin, Bualkhaw": "Bualkhaw Chin", "Chin, Chinbon": "Chinbon Chin", "Chin, Daai": "Daai Chin", "Chin, Eastern Khumi": "Eastern Khumi Chin", "Chin, Ekai": "Ekai Chin", "Chin, Falam": "Falam Chin", "Chin, Haka": "Hakha Chin", "Chin, Hakha": "Hakha Chin", "Chin, Kaang": "Kaang Chin", "Chin, Khumi": "Khumi Chin", "Chin, Laitu": "Laitu Chin", "Chin, Lautu": "Lautu Chin", "Chin, Mara": "Mara Chin", "Chin, Matu": "Matu Chin", "Chin, Mro-Khimi": "Mro-Khimi Chin", "Chin, M\u00fcn": "M\u00fcn Chin", "Chin, Ngawn": "Ngawn Chin", "Chin, Paite": "Paite Chin", "Chin, Rawngtu": "Rawngtu Chin", "Chin, Rungtu": "Rungtu Chin", "Chin, Senthang": "Senthang Chin", "Chin, Siyin": "Siyin Chin", "Chin, Songlai": "Songlai Chin", "Chin, Sumtu": "Sumtu Chin", "Chin, Tawr": "Tawr Chin", "Chin, Tedim": "Tedim Chin", "Chin, Thado": "Thado Chin", "Chin, Thaiphum": "Thaiphum Chin", "Chin, Zotung": "Zotung Chin", "Chin, Zyphe": "Zyphe Chin", "Chinantec, Chiltepec": "Chiltepec Chinantec", "Chinantec, Comaltepec": "Comaltepec Chinantec", "Chinantec, Lalana": "Lalana Chinantec", "Chinantec, Lealao": "Lealao Chinantec", "Chinantec, Ojitl\u00e1n": "Ojitl\u00e1n Chinantec", "Chinantec, Ozumac\u00edn": "Ozumac\u00edn Chinantec", "Chinantec, Palantla": "Palantla Chinantec", "Chinantec, Quiotepec": "Quiotepec Chinantec", "Chinantec, Sochiapam": "Sochiapam Chinantec", "Chinantec, Sochiapan": "Sochiapam Chinantec", "Chinantec, Tepetotutla": "Tepetotutla Chinantec", "Chinantec, Tepinapa": "Tepinapa Chinantec", "Chinantec, Tlacoatzintepec": "Tlacoatzintepec Chinantec", "Chinantec, Usila": "Usila Chinantec", "Chinantec, Valle Nacional": "Valle Nacional Chinantec", "Chinese, Gan": "Gan Chinese", "Chinese, Hakka": "Hakka Chinese", "Chinese, Huizhou": "Huizhou Chinese", "Chinese, Jinyu": "Jinyu Chinese", "Chinese, Late Middle": "Late Middle Chinese", "Chinese, Leizhou": "Leizhou Chinese", "Chinese, Literary": "Literary Chinese", "Chinese, Mandarin": "Mandarin Chinese", "Chinese, Min Bei": "Min Bei Chinese", "Chinese, Min Dong": "Min Dong Chinese", "Chinese, Min Nan": "Min Nan Chinese", "Chinese, Min Zhong": "Min Zhong Chinese", "Chinese, Northern Ping": "Northern Ping Chinese", "Chinese, Old": "Old Chinese", "Chinese, Pu-Xian": "Pu-Xian Chinese", "Chinese, Shaojiang": "Shaojiang Chinese", "Chinese, Southern Ping": "Southern Ping Chinese", "Chinese, Wu": "Wu Chinese", "Chinese, Xiang": "Xiang Chinese", "Chinese, Yue": "Yue Chinese", "Chini": "Akrukay", "Chontal, Highland Oaxaca": "Highland Oaxaca Chontal", "Chontal, Lowland Oaxaca": "Lowland Oaxaca Chontal", "Chontal, Tabasco": "Tabasco Chontal", "Chorote, Iyo'wujwa": "Iyo'wujwa Chorote", "Chorote, Iyojwa'ja": "Iyojwa'ja Chorote", "Chuang": "Zhuang", "Church Slavonic": "Church Slavic", "Citak, Tamnim": "Tamnim Citak", "Classical Nepal Bhasa": "Classical Newari", "Comorian, Maore": "Maore Comorian", "Comorian, Mwali": "Mwali Comorian", "Comorian, Ndzwani": "Ndzwani Comorian", "Comorian, Ngazidja": "Ngazidja Comorian", "Cook Islands Maori": "Rarotongan", "Cora, El Nayar": "El Nayar Cora", "Cora, Santa Teresa": "Santa Teresa Cora", "Cornish, Middle": "Middle Cornish", "Cornish, Old": "Old Cornish", "Cree, Moose": "Moose Cree", "Cree, Northern East": "Northern East Cree", "Cree, Plains": "Plains Cree", "Cree, Southern East": "Southern East Cree", "Cree, Swampy": "Swampy Cree", "Cree, Woods": "Woods Cree", "Creole Arabic, Sudanese": "Sudanese Creole Arabic", "Creole Dutch, Berbice": "Berbice Creole Dutch", "Creole Dutch, Skepi": "Skepi Creole Dutch", "Creole English, Antigua and Barbuda": "Antigua and Barbuda Creole English", "Creole English, Bahamas": "Bahamas Creole English", "Creole English, Fernando Po": "Fernando Po Creole English", "Creole English, Grenadian": "Grenadian Creole English", "Creole English, Guyanese": "Guyanese Creole English", "Creole English, Hawai'i": "Hawai'i Creole English", "Creole English, Islander": "Islander Creole English", "Creole English, Jamaican": "Jamaican Creole English", "Creole English, Nicaragua": "Nicaragua Creole English", "Creole English, Sea Island": "Sea Island Creole English", "Creole English, Tobagonian": "Tobagonian Creole English", "Creole English, Trinidadian": "Trinidadian Creole English", "Creole English, Turks And Caicos": "Turks And Caicos Creole English", "Creole English, Vincentian": "Vincentian Creole English", "Creole English, Virgin Islands": "Virgin Islands Creole English", "Creole French, Guadeloupean": "Guadeloupean Creole French", "Creole French, Guianese": "Guianese Creole French", "Creole French, Karip\u00fana": "Karip\u00fana Creole French", "Creole French, R\u00e9union": "R\u00e9union Creole French", "Creole French, Saint Lucian": "Saint Lucian Creole French", "Creole French, San Miguel": "San Miguel Creole French", "Creole French, Seselwa": "Seselwa Creole French", "Creole Hindi, Andaman": "Andaman Creole Hindi", "Creole Malay, Malaccan": "Malaccan Creole Malay", "Creole Malay, Sri Lankan": "Sri Lankan Creole Malay", "Creole Portuguese, Korlai": "Korlai Creole Portuguese", "Creole Portuguese, Malaccan": "Malaccan Creole Portuguese", "Creole, Afro-Seminole": "Afro-Seminole Creole", "Creole, Cafundo": "Cafundo Creole", "Creole, Haitian": "Haitian", "Creole, Louisiana": "Louisiana Creole", "Creole, Torres Strait": "Torres Strait Creole", "Creoles and pidgins, English based": "Creoles and pidgins, English\u2011based", "Creoles and pidgins, French-based": "Creoles and pidgins, French\u2011based", "Crimean Turkish": "Crimean Tatar", "Crioulo, Upper Guinea": "Upper Guinea Crioulo", "Cuba": "Tsucuba", "Cuicatec, Tepeuxila": "Tepeuxila Cuicatec", "Cuicatec, Teutila": "Teutila Cuicatec", "Da-Hua Miao": "Large Flowery Miao", "Dagaare, Southern": "Southern Dagaare", "Dagara, Northern": "Northern Dagara", "Daju, Dar Daju": "Dar Daju Daju", "Daju, Dar Fur": "Dar Fur Daju", "Daju, Dar Sila": "Dar Sila Daju", "Daka, Samba": "Samba Daka", "Damar, East": "East Damar", "Damar, West": "West Damar", "Dani, Lower Grand Valley": "Lower Grand Valley Dani", "Dani, Mid Grand Valley": "Mid Grand Valley Dani", "Dani, Upper Grand Valley": "Upper Grand Valley Dani", "Dani, Western": "Western Dani", "Danish, Traveller": "Traveller Danish", "Dao": "Moi-Wadea", "Darang Deng": "Digaro-Mishmi", "Dari, Zoroastrian": "Zoroastrian Dari", "Dawida": "Taita", "Dayak, Malayic": "Malayic Dayak", "Delaware, Pidgin": "Pidgin Delaware", "Dene Suline": "Chipewyan", "Deng, Darang": "Digaro-Mishmi", "Deng, Geman": "Miju-Mishmi", "Dhanggatti": "Dyangadi", "Dhangu": "Dhangu-Djangu", "Dholuo": "Luo (Kenya and Tanzania)", "Dida, Lakota": "Lakota Dida", "Dida, Yocobou\u00e9": "Yocobou\u00e9 Dida", "Diebroud": "Taworta", "Dimili": "Zaza", "Dimli": "Zaza", "Dimli (macrolanguage)": "Zaza", "Dineor": "Maremgi", "Dinka, Northeastern": "Northeastern Dinka", "Dinka, Northwestern": "Northwestern Dinka", "Dinka, South Central": "South Central Dinka", "Dinka, Southeastern": "Southeastern Dinka", "Dinka, Southwestern": "Southwestern Dinka", "Divehi": "Dhivehi", "Diyari": "Dieri", "Djangu": "Dhangu-Djangu", "Djauan": "Jawoyn", "Djingili": "Jingulu", "Dogon, Ampari": "Ampari Dogon", "Dogon, Ana Tinga": "Ana Tinga Dogon", "Dogon, Bankan Tey": "Bankan Tey Dogon", "Dogon, Ben Tey": "Ben Tey Dogon", "Dogon, Bondum Dom": "Bondum Dom Dogon", "Dogon, Bunoge": "Bunoge Dogon", "Dogon, Dogul Dom": "Dogul Dom Dogon", "Dogon, Donno So": "Donno So Dogon", "Dogon, Jamsay": "Jamsay Dogon", "Dogon, Mombo": "Mombo Dogon", "Dogon, Nanga Dama": "Nanga Dama Dogon", "Dogon, Tebul Ure": "Tebul Ure Dogon", "Dogon, Tene Kan": "Tene Kan Dogon", "Dogon, Tiranige Diga": "Tiranige Diga Dogon", "Dogon, Tommo So": "Tommo So Dogon", "Dogon, Tomo Kan": "Tomo Kan Dogon", "Dogon, Toro So": "Toro So Dogon", "Dogon, Toro Tegu": "Toro Tegu Dogon", "Dogon, Yanda Dom": "Yanda Dom Dogon", "Dogri": "Dogri (macrolanguage)", "Dogrib": "Tlicho", "Dong, Northern": "Northern Dong", "Dong, Southern": "Southern Dong", "Dongolawi": "Andaandi", "Dorig": "Wetamut", "Drehu": "Dehu", "Drubea": "Dumbea", "Dumagat, Remontado": "Remontado Dumagat", "Dusun, Central": "Kadazan Dusun", "Dusun, Kadazan": "Kadazan Dusun", "Dusun, Sugut": "Sugut Dusun", "Dutch, Middle (ca. 1050-1350)": "Middle Dutch (ca. 1050-1350)", "Dutch, Middle (ca.1050-1350)": "Middle Dutch (ca. 1050-1350)", "Dutch, Old": "Old Dutch", "Dyaabugay": "Djabugay", "Dzodinka": "Lidzonka", "Eastern Huishui Miao": "Eastern Huishui Hmong", "Ede Nago, Kura": "Kura Ede Nago", "Edo": "Bini", "Edwas": "Bonerif", "Efate, North": "North Efate", "Efate, South": "South Efate", "Ekegusii": "Gusii", "Ember\u00e1, Northern": "Northern Ember\u00e1", "Emem": "Emumu", "Enets, Forest": "Forest Enets", "Enets, Tundra": "Tundra Enets", "English, Liberian": "Liberian English", "English, Middle (1100-1500)": "Middle English (1100-1500)", "English, Old (ca. 450-1100)": "Old English (ca. 450-1100)", "English, Old (ca.450-1100)": "Old English (ca. 450-1100)", "Estonian, Standard": "Standard Estonian", "Fagauvea": "West Uvean", "Fali, Baissa": "Baissa Fali", "Fali, North": "North Fali", "Fali, South": "South Fali", "Fang": "Fang (Equatorial Guinea)", "Fars, Northwestern": "Northwestern Fars", "Fars, Southwestern": "Southwestern Fars", "Fedan": "Podena", "Fijian, Western": "Western Fijian", "Finnish, Kven": "Kven Finnish", "Finnish, Tornedalen": "Tornedalen Finnish", "Flemish": "Dutch", "Flemish Sign Language": "Vlaamse Gebarentaal", "Francoproven\u00e7al": "Arpitan", "French Belgian Sign Language": "Langue des signes de Belgique Francophone", "French, Cajun": "Cajun French", "French, Middle (ca. 1400-1600)": "Middle French (ca. 1400-1600)", "French, Middle (ca.1400-1600)": "Middle French (ca. 1400-1600)", "French, Old (842-ca. 1400)": "Old French (842-ca. 1400)", "French, Old (842-ca.1400)": "Old French (842-ca. 1400)", "Frisian, Eastern": "Eastern Frisian", "Frisian, Northern": "Northern Frisian", "Frisian, Old": "Old Frisian", "Frisian, Western": "Western Frisian", "Fulfulde, Adamawa": "Adamawa Fulfulde", "Fulfulde, Bagirmi": "Bagirmi Fulfulde", "Fulfulde, Borgu": "Borgu Fulfulde", "Fulfulde, Central-Eastern Niger": "Central-Eastern Niger Fulfulde", "Fulfulde, Maasina": "Maasina Fulfulde", "Fulfulde, Nigerian": "Nigerian Fulfulde", "Fulfulde, Western Niger": "Western Niger Fulfulde", "Futuna, East": "East Futuna", "Gadaba, Bodo": "Bodo Gadaba", "Gadaba, Mudhili": "Mudhili Gadaba", "Gadaba, Pottangi Ollar": "Pottangi Ollar Gadaba", "Gaelic": "Scottish Gaelic", "Gaelic, Hiberno-Scottish": "Hiberno-Scottish Gaelic", "Gaelic, Scottish": "Scottish Gaelic", "Gajirrabeng": "Gadjerawang", "Garasia, Adiwasi": "Adiwasi Garasia", "Garasia, Rajput": "Rajput Garasia", "Garuwali": "Karuwali", "Gaulish, Cisalpine": "Cisalpine Gaulish", "Gaulish, Transalpine": "Transalpine Gaulish", "Gavi\u00e3o, Par\u00e1": "Par\u00e1 Gavi\u00e3o", "Gban": "Gagu", "Gbaya": "Gbaya (Central African Republic)", "Gbaya, Northwest": "Northwest Gbaya", "Gbaya, Southwest": "Southwest Gbaya", "Gbe, Ayizo": "Ayizo Gbe", "Gbe, Ci": "Ci Gbe", "Gbe, Defi": "Defi Gbe", "Gbe, Eastern Xwla": "Eastern Xwla Gbe", "Gbe, Gbesi": "Gbesi Gbe", "Gbe, Kotafon": "Kotafon Gbe", "Gbe, Maxi": "Maxi Gbe", "Gbe, Saxwe": "Saxwe Gbe", "Gbe, Tofin": "Tofin Gbe", "Gbe, Waci": "Waci Gbe", "Gbe, Weme": "Weme Gbe", "Gbe, Western Xwla": "Western Xwla Gbe", "Gbe, Xwela": "Xwela Gbe", "Gejia": "Ge", "Gelao, Green": "Green Gelao", "Gelao, Red": "Red Gelao", "Gelao, White": "White Gelao", "Geman Deng": "Miju-Mishmi", "Georgian, Old": "Old Georgian", "Gergiko": "Mukulu", "German, Colonia Tovar": "Colonia Tovar German", "German, Hutterite": "Hutterite German", "German, Low": "Low German", "German, Middle High (ca. 1050-1500)": "Middle High German (ca. 1050-1500)", "German, Middle High (ca.1050-1500)": "Middle High German (ca. 1050-1500)", "German, Middle Low": "Middle Low German", "German, Old High (ca. 750-1050)": "Old High German (ca. 750-1050)", "German, Old High (ca.750-1050)": "Old High German (ca. 750-1050)", "German, Pennsylvania": "Pennsylvania German", "German, Swiss": "Swiss German", "Ghale, Kutang": "Kuke", "Ghale, Northern": "Northern Ghale", "Ghale, Southern": "Southern Ghale", "Gichuka": "Chuka", "Gikuyu": "Kikuyu", "Giziga, North": "North Giziga", "Giziga, South": "South Giziga", "Gondi, Adilabad": "Adilabad Gondi", "Gondi, Aheri": "Aheri Gondi", "Gondi, Northern": "Northern Gondi", "Goodenough, West": "West Goodenough", "Great Andamanese, Mixed": "Mixed Great Andamanese", "Grebo, Barclayville": "Barclayville Grebo", "Grebo, Central": "Central Grebo", "Grebo, Gboloo": "Gboloo Grebo", "Grebo, Northern": "Northern Grebo", "Grebo, Southern": "Southern Grebo", "Greek, Ancient (to 1453)": "Ancient Greek (to 1453)", "Greek, Cappadocian": "Cappadocian Greek", "Greek, Modern (1453-)": "Modern Greek (1453-)", "Greek, Mycenaean": "Mycenaean Greek", "Greenlandic": "Kalaallisut", "Guaran\u00ed, Ava": "Chirip\u00e1", "Guaran\u00ed, Eastern Bolivian": "Eastern Bolivian Guaran\u00ed", "Guaran\u00ed, Mby\u00e1": "Mby\u00e1 Guaran\u00ed", "Guaran\u00ed, Paraguayan": "Paraguayan Guaran\u00ed", "Guaran\u00ed, Western Bolivian": "Western Bolivian Guaran\u00ed", "Gudjal": "Warungu", "Guern\u00e9siais": "J\u00e8rriais", "Guguyimidjir": "Guugu Yimidhirr", "Gusan": "Nema", "Guwinmal": "Dharumbal", "Gu\u00e9bie": "Ga\u0253ogbo", "Gwich'in": "Gwich\u02bcin", "Gyaazi": "Geji", "Haida, Northern": "Northern Haida", "Haida, Southern": "Southern Haida", "Haitian Creole": "Haitian", "Haka Chin": "Hakha Chin", "Ham\u00e9a": "Tiri", "Haroti": "Hadothi", "Hawai'i Pidgin": "Hawai'i Creole English", "Hawai'i Pidgin Sign Language": "Hawai'i Sign Language (HSL)", "Hebrew, Ancient": "Ancient Hebrew", "Helambu Sherpa": "Hyolmo", "Heung Kong Sau Yue": "Hong Kong Sign Language", "Hindi, Fiji": "Fiji Hindi", "Hindko, Northern": "Northern Hindko", "Hindko, Southern": "Southern Hindko", "Hindustani, Caribbean": "Caribbean Hindustani", "Hittite, Middle": "Middle Hittite", "Hittite, Neo-": "Neo-Hittite", "Hittite, Old": "Old Hittite", "Hmong, Central Huishui": "Central Huishui Hmong", "Hmong, Central Mashan": "Central Mashan Hmong", "Hmong, Eastern Huishui": "Eastern Huishui Hmong", "Hmong, Luopohe": "Luopohe Hmong", "Hmong, Northern Guiyang": "Northern Guiyang Hmong", "Hmong, Northern Huishui": "Northern Huishui Hmong", "Hmong, Northern Mashan": "Northern Mashan Hmong", "Hmong, Southern Guiyang": "Southern Guiyang Hmong", "Hmong, Southern Mashan": "Southern Mashan Hmong", "Hmong, Southwestern Guiyang": "Southwestern Guiyang Hmong", "Hmong, Southwestern Huishui": "Southwestern Huishui Hmong", "Hmong, Western Mashan": "Western Mashan Hmong", "Huave, San Dionisio Del Mar": "San Dionisio Del Mar Huave", "Huave, San Francisco Del Mar": "San Francisco Del Mar Huave", "Huave, San Mateo Del Mar": "San Mateo Del Mar Huave", "Huave, Santa Mar\u00eda Del Mar": "Santa Mar\u00eda Del Mar Huave", "Huitoto, Minica": "Minica Huitoto", "Huitoto, Murui": "Murui Huitoto", "Huitoto, N\u00fcpode": "N\u00fcpode Huitoto", "Hungarian, Old": "Old Hungarian", "Hungworo": "Ca\u0331hungwa\u0331rya\u0331", "Hutterisch": "Hutterite German", "I'saka": "Krisa", "Ifugao, Amganad": "Amganad Ifugao", "Ifugao, Ayangan": "Batad Ifugao", "Ifugao, Batad": "Batad Ifugao", "Ifugao, Mayoyao": "Mayoyao Ifugao", "Ifugao, Tuwali": "Tuwali Ifugao", "Ijo, Southeast": "Southeast Ijo", "Imperial Aramaic (700-300 BCE)": "Official Aramaic (700-300 BCE)", "Indonesian, Peranakan": "Peranakan Indonesian", "Inga, Jungle": "Jungle Inga", "Inuktitut, Eastern Canadian": "Eastern Canadian Inuktitut", "Inuktitut, Western Canadian": "Inuinnaqtun", "Inupiatun, North Alaskan": "North Alaskan Inupiatun", "Inupiatun, Northwest Alaska": "Northwest Alaska Inupiatun", "Irigwe": "Rigwe", "Irish, Middle (900-1200)": "Middle Irish (900-1200)", "Irish, Old (to 900)": "Old Irish (to 900)", "Irish, Primitive": "Primitive Irish", "Itneg, Banao": "Banao Itneg", "Itneg, Binongan": "Binongan Itneg", "Itneg, Inlaod": "Inlaod Itneg", "Itneg, Maeng": "Maeng Itneg", "Itneg, Masadiit": "Masadiit Itneg", "Itneg, Moyadan": "Moyadan Itneg", "Iwam, Sepik": "Sepik Iwam", "Jakalteko": "Popti'", "Japanese, Old": "Old Japanese", "Javanese, Caribbean": "Caribbean Javanese", "Javanese, New Caledonian": "New Caledonian Javanese", "Jingpho": "Kachin", "Jinuo, Buyuan": "Buyuan Jinuo", "Jinuo, Youle": "Youle Jinuo", "Ju\u01c0\u02bchoansi": "Ju\u01c0\u02bchoan", "Kaapor": "Urub\u00fa-Kaapor", "Kaapor Sign Language": "Urub\u00fa-Kaapor Sign Language", "Kaco'": "Kachok", "Kadazan, Klias River": "Klias River Kadazan", "Kadazan, Labuk-Kinabatangan": "Labuk-Kinabatangan Kadazan", "Kaili, Da'a": "Da'a Kaili", "Kaili, Ledo": "Ledo Kaili", "Kaili, Unde": "Unde Kaili", "Kaing\u00e1ng, S\u00e3o Paulo": "S\u00e3o Paulo Kaing\u00e1ng", "Kala": "Kela (Papua New Guinea)", "Kalagan, Kagan": "Kagan Kalagan", "Kalami": "Gawri", "Kalapalo": "Kuik\u00faro-Kalap\u00e1lo", "Kalapuya, Northern": "Northern Kalapuya", "Kalapuya, Southern": "Southern Kalapuya", "Kalinga, Butbut": "Butbut Kalinga", "Kalinga, Limos": "Limos Kalinga", "Kalinga, Lubuagan": "Lubuagan Kalinga", "Kalinga, Mabaka Valley": "Mabaka Valley Kalinga", "Kalinga, Majukayang": "Majukayang Kalinga", "Kalinga, Southern": "Southern Kalinga", "Kalinga, Tanudan": "Tanudan Kalinga", "Kallahan, Kayapa": "Kalanguya", "Kallahan, Keley-I": "Keley-I Kallahan", "Kamantan": "Ngyian", "Kamba": "Kamba (Kenya)", "Kamta": "Rangpuri", "Kanjobal": "Q'anjob'al", "Kanjobal, Western": "Western Kanjobal", "Kankanay, Northern": "Northern Kankanay", "Kanum, B\u00e4di": "B\u00e4di Kanum", "Kanum, Ngk\u00e2lmpw": "Ngk\u00e2lmpw Kanum", "Kanum, Sm\u00e4rky": "Sm\u00e4rky Kanum", "Kanum, Sota": "Sota Kanum", "Kanuri, Bilma": "Bilma Kanuri", "Kanuri, Central": "Central Kanuri", "Kanuri, Manga": "Manga Kanuri", "Kanuri, Tumari": "Tumari Kanuri", "Kapampangan": "Pampanga", "Kapauri": "Kapori", "Karaboro, Eastern": "Eastern Karaboro", "Karaboro, Western": "Western Karaboro", "Karakalpak": "Kara-Kalpak", "Karbi, Amri": "Amri Karbi", "Karen, Bwe": "Bwe Karen", "Karen, Geba": "Geba Karen", "Karen, Geko": "Geko Karen", "Karen, Lahta": "Lahta Karen", "Karen, Manumanaw": "Manumanaw Karen", "Karen, Mobwa": "Mobwa Karen", "Karen, Pa'o": "Pa'o Karen", "Karen, Paku": "Paku Karen", "Karen, Phrae Pwo": "Phrae Pwo Karen", "Karen, Pwo Eastern": "Pwo Eastern Karen", "Karen, Pwo Northern": "Pwo Northern Karen", "Karen, Pwo Western": "Pwo Western Karen", "Karen, S'gaw": "S'gaw Karen", "Karen, Yinbaw": "Yinbaw Karen", "Karen, Yintale": "Yintale Karen", "Karen, Zayein": "Zayein Karen", "Katang, Northern": "Northern Katang", "Katang, Southern": "Southern Katang", "Katu, Eastern": "Eastern Katu", "Katu, Western": "Western Katu", "Katuk\u00edna, Panoan": "Panoan Katuk\u00edna", "Kayah, Eastern": "Eastern Kayah", "Kayah, Western": "Western Kayah", "Kayan, Baram": "Baram Kayan", "Kayan, Busang": "Busang Kayan", "Kayan, Kayan River": "Kayan River Kayan", "Kayan, Mendalam": "Mendalam Kayan", "Kayan, Rejang": "Rejang Kayan", "Kayan, Wahau": "Wahau Kayan", "Kayapa Kallahan": "Kalanguya", "Keijar": "Keder", "Kentish Sign Language, Old": "Old Kentish Sign Language", "Kenyah, Wahau": "Wahau Kenyah", "Keres, Eastern": "Eastern Keres", "Keres, Western": "Western Keres", "Kewa, East": "East Kewa", "Kewa, West": "West Kewa", "Kham, Eastern Parbate": "Eastern Parbate Kham", "Kham, Gamale": "Gamale Kham", "Kham, Sheshi": "Sheshi Kham", "Kham, Western Parbate": "Western Parbate Kham", "Khmer, Central": "Khmer", "Khmer, Middle (1400 to 1850 CE)": "Middle Khmer (1400 to 1850 CE)", "Khmer, Northern": "Northern Khmer", "Khmer, Old": "Old Khmer", "Khonso": "Konso", "Khwedam": "Kxoe", "Kiembu": "Embu", "Kigiryama": "Giryama", "Kimaghima": "Kimaama", "Kinabatangan, Upper": "Upper Kinabatangan", "Kinnauri, Bhoti": "Bhoti Kinnauri", "Kinnauri, Chitkuli": "Chitkuli Kinnauri", "Kinnauri, Harijan": "Harijan Kinnauri", "Kipfokomo": "Pokomo", "Kirdki": "Zaza", "Kirmanjki": "Zaza", "Kirmanjki (macrolanguage)": "Zaza", "Kisi, Southern": "Southern Kisi", "Kissi, Northern": "Northern Kissi", "Kiswahili": "Swahili (individual language)", "Kitharaka": "Tharaka", "Kiwai, Northeast": "Northeast Kiwai", "Kiwai, Southern": "Southern Kiwai", "Kiwilwana": "Ilwana", "Kogi": "Cogui", "Kohistani, Indus": "Indus Kohistani", "Koiali, Mountain": "Mountain Koiali", "Koiari, Grass": "Grass Koiari", "Koko-Bera": "Gugubera", "Kol": "Kol (Bangladesh)", "Kolami, Northwestern": "Northwestern Kolami", "Kolami, Southeastern": "Southeastern Kolami", "Koli, Kachi": "Kachi Koli", "Koli, Parkari": "Parkari Koli", "Koli, Wadiyara": "Wadiyara Koli", "Konab\u00e9r\u00e9": "Northern Bobo Madar\u00e9", "Kongo, San Salvador": "San Salvador Kongo", "Konjo, Coastal": "Coastal Konjo", "Konjo, Highland": "Highland Konjo", "Konkani": "Konkani (macrolanguage)", "Konkani, Goan": "Goan Konkani", "Koraga, Korra": "Korra Koraga", "Koraga, Mudu": "Mudu Koraga", "Korean, Middle (10th-16th cent.)": "Middle Korean (10th-16th cent.)", "Korean, Old (3rd-9th cent.)": "Old Korean (3rd-9th cent.)", "Korur": "Anus", "Kosare": "Kosadle", "Kosli": "Sambalpuri", "Kpelle, Guinea": "Guinea Kpelle", "Kpelle, Liberia": "Liberia Kpelle", "Krahn, Eastern": "Eastern Krahn", "Krahn, Western": "Western Krahn", "Kriol English, Belize": "Belize Kriol English", "Krumen, Plapo": "Plapo Krumen", "Krumen, Pye": "Pye Krumen", "Krumen, Tepo": "Tepo Krumen", "Kui, Dawik": "Dawik Kui", "Kukatha": "Kokata", "Kulango, Bondoukou": "Bondoukou Kulango", "Kulango, Bouna": "Bouna Kulango", "Kulina": "Culina", "Kuna, Border": "Border Kuna", "Kuna, San Blas": "San Blas Kuna", "Kurdish, Central": "Central Kurdish", "Kurdish, Northern": "Northern Kurdish", "Kurdish, Southern": "Southern Kurdish", "Kurumba, Alu": "Alu Kurumba", "Kurumba, Attapady": "Attapady Kurumba", "Kurumba, Betta": "Betta Kurumba", "Kurumba, Jennu": "Jennu Kurumba", "Kurumba, Kannada": "Kannada Kurumba", "Kurumba, Mullu": "Mullu Kurumba", "Kuskokwim, Upper": "Upper Kuskokwim", "Kutang Ghale": "Kuke", "Kutchi": "Kachhi", "Kwanyama": "Kuanyama", "Kw\u00e9nyi": "Num\u00e8\u00e8", "Kyrgyz": "Kirghiz", "Laalaa": "Lehar", "Lachi, White": "White Lachi", "Lahta": "Lahta Karen", "Lalang Siny Seselwa": "Seychelles Sign Language", "Lalo, Central": "Xishanba Lalo", "Lalo, Dongshanba": "Dongshanba Lalo", "Lalo, Xishanba": "Xishanba Lalo", "Lalu, Eastern": "Eastern Lalu", "Lalu, Western": "Western Lalu", "Lamu-Lamu": "Lamalama", "Langue des Signes Burundaise": "Burundian Sign Language", "Langue des Signes Seychelloise": "Seychelles Sign Language", "Latvian, Standard": "Standard Latvian", "Lave": "Brao", "Lavrung": "Guanyinqiao", "Lawa, Eastern": "Eastern Lawa", "Lawa, Western": "Western Lawa", "Lembata, South": "South Lembata", "Lembata, West": "West Lembata", "Lendu, Northern": "Ndrulo", "Lengua de Se\u00f1as Paname\u00f1as": "Panamanian Sign Language", "Lengua de Se\u00f1as del Paraguay": "Paraguayan Sign Language", "Lengua de se\u00f1as Albarradas": "Albarradas Sign Language", "Lengua de se\u00f1as catalana": "Catalan Sign Language", "Leonese": "Asturian", "Letzeburgesch": "Luxembourgish", "Lhaovo": "Maru", "Limba, East": "East Limba", "Limba, West-Central": "West-Central Limba", "Limburger": "Limburgan", "Limburgish": "Limburgan", "Lindu": "Tado", "Lithuanian, Old": "Old Lithuanian", "Llengua de Signes Catalana": "Catalan Sign Language", "Llengua de signes valenciana": "Valencian Sign Language", "Lobu, Lanas": "Lanas Lobu", "Lobu, Tampias": "Tampias Lobu", "Lohar, Gade": "Gade Lohar", "Lohar, Lahul": "Lahul Lohar", "Lolopo, Southern": "Southern Lolopo", "Lomwe, Malawi": "Malawi Lomwe", "Lovono": "Vano", "Low Saxon": "Low German", "Lubukusu": "Bukusu", "Luidakho-Luisukha-Lutirichi": "Idakho-Isukha-Tiriki", "Lukabaras": "Kabras", "Lulogooli": "Logooli", "Lun Bawang": "Lundayeh", "Luopohe Miao": "Luopohe Hmong", "Luri, Northern": "Northern Luri", "Luri, Southern": "Southern Luri", "Lutachoni": "Tachoni", "Luwian, Cuneiform": "Cuneiform Luwian", "Luwian, Hieroglyphic": "Hieroglyphic Luwian", "L\u00edngua Gestual Guineense": "Guinea-Bissau Sign Language", "L\u00f6y\u00f6p": "Lehalurup", "Ma'di, Southern": "Southern Ma'di", "Macedonian, Ancient": "Ancient Macedonian", "Maden": "Salawati", "Maewo, Central": "Central Maewo", "Magar, Eastern": "Eastern Magar", "Magar, Western": "Western Magar", "Mah Meri": "Besisi", "Maidu, Northeast": "Northeast Maidu", "Maidu, Northwest": "Northwest Maidu", "Maidu, Valley": "Valley Maidu", "Makian, East": "East Makian", "Makian, West": "West Makian", "Malagasy, Antankarana": "Antankarana Malagasy", "Malagasy, Bara": "Bara Malagasy", "Malagasy, Masikoro": "Masikoro Malagasy", "Malagasy, Northern Betsimisaraka": "Northern Betsimisaraka Malagasy", "Malagasy, Plateau": "Plateau Malagasy", "Malagasy, Sakalava": "Sakalava Malagasy", "Malagasy, Southern Betsimisaraka": "Southern Betsimisaraka Malagasy", "Malagasy, Tandroy-Mahafaly": "Tandroy-Mahafaly Malagasy", "Malagasy, Tankarana": "Antankarana Malagasy", "Malagasy, Tanosy": "Tanosy Malagasy", "Malagasy, Tesaka": "Tesaka Malagasy", "Malagasy, Tsimihety": "Tsimihety Malagasy", "Malasar, Mala": "Mala Malasar", "Malay": "Malay (macrolanguage)", "Malay, Ambonese": "Ambonese Malay", "Malay, Baba": "Baba Malay", "Malay, Bacanese": "Bacanese Malay", "Malay, Balinese": "Balinese Malay", "Malay, Banda": "Banda Malay", "Malay, Berau": "Berau Malay", "Malay, Bukit": "Bukit Malay", "Malay, Central": "Central Malay", "Malay, Cocos Islands": "Cocos Islands Malay", "Malay, Jambi": "Jambi Malay", "Malay, Kedah": "Kedah Malay", "Malay, Kota Bangun Kutai": "Kota Bangun Kutai Malay", "Malay, Kupang": "Kupang Malay", "Malay, Larantuka": "Larantuka Malay", "Malay, Makassar": "Makassar Malay", "Malay, Manado": "Manado Malay", "Malay, North Moluccan": "North Moluccan Malay", "Malay, Old": "Old Malay", "Malay, Papuan": "Papuan Malay", "Malay, Pattani": "Pattani Malay", "Malay, Sabah": "Sabah Malay", "Malay, Standard": "Standard Malay", "Malay, Tenggarong Kutai": "Tenggarong Kutai Malay", "Maldivian": "Dhivehi", "Malinaltepec Tlapanec": "Malinaltepec Me'phaa", "Mal\u00ea": "Hote", "Mambila, Cameroon": "Cameroon Mambila", "Mambila, Nigeria": "Nigeria Mambila", "Mandaic, Classical": "Classical Mandaic", "Manding": "Mandingo", "Manduri, Baga": "Baga Manduri", "Maninka, Konyanka": "Konyanka Maninka", "Maninka, Sankaran": "Sankaran Maninka", "Maninkakan, Eastern": "Eastern Maninkakan", "Maninkakan, Kita": "Kita Maninkakan", "Maninkakan, Western": "Western Maninkakan", "Manipuri, Old": "Old Manipuri", "Manobo, Agusan": "Agusan Manobo", "Manobo, Ata": "Ata Manobo", "Manobo, Cotabato": "Cotabato Manobo", "Manobo, Dibabawon": "Dibabawon Manobo", "Manobo, Ilianen": "Ilianen Manobo", "Manobo, Kinamiging": "Kinamiging Manobo", "Manobo, Matigsalug": "Matigsalug Manobo", "Manobo, Obo": "Obo Manobo", "Manobo, Rajah Kabunsuwan": "Rajah Kabunsuwan Manobo", "Manobo, Sarangani": "Sarangani Manobo", "Manobo, Western Bukidnon": "Western Bukidnon Manobo", "Manumanaw": "Manumanaw Karen", "Manusela": "Sou Upaa", "Maori, Cook Islands": "Rarotongan", "Mapuche": "Mapudungun", "Marangis": "Watam", "Marathi, Old": "Old Marathi", "Mari": "Mari (Russia)", "Mari, Eastern": "Eastern Mari", "Mari, Western": "Western Mari", "Maria, Dandami": "Dandami Maria", "Marind, Bian": "Bian Marind", "Marquesan, North": "North Marquesan", "Marquesan, South": "South Marquesan", "Marramaninyshi": "Marimanindji", "Masela, Central": "Central Masela", "Masela, East": "East Masela", "Masela, West": "West Masela", "Matlatzinca, Atzingo": "Atzingo Matlatzinca", "Matlatzinca, San Francisco": "San Francisco Matlatzinca", "Mattoki": "Kenzi", "Mawukakan": "Mahou", "Maya, Yucatec": "Yucateco", "Mayan, Epigraphic": "Epigraphic Mayan", "Mazahua, Central": "Central Mazahua", "Mazahua, Michoac\u00e1n": "Michoac\u00e1n Mazahua", "Mazatec, Ayautla": "Ayautla Mazatec", "Mazatec, Chiquihuitl\u00e1n": "Chiquihuitl\u00e1n Mazatec", "Mazatec, Huautla": "Huautla Mazatec", "Mazatec, Ixcatl\u00e1n": "Ixcatl\u00e1n Mazatec", "Mazatec, Jalapa De D\u00edaz": "Jalapa De D\u00edaz Mazatec", "Mazatec, Mazatl\u00e1n": "Mazatl\u00e1n Mazatec", "Mazatec, Puebla": "Puebla Mazatec", "Mazatec, San Jer\u00f3nimo Tec\u00f3atl": "San Jer\u00f3nimo Tec\u00f3atl Mazatec", "Mazatec, Soyaltepec": "Soyaltepec Mazatec", "Mbembe, Cross River": "Cross River Mbembe", "Mbembe, Tigon": "Tigon Mbembe", "Me'phaa, Acatepec": "Acatepec Me'phaa", "Me'phaa, Azoy\u00fa": "Azoy\u00fa Me'phaa", "Me'phaa, Malinaltepec": "Malinaltepec Me'phaa", "Me'phaa, Tlacoapa": "Tlacoapa Me'phaa", "Melanau, Central": "Central Melanau", "Melanau, Daro-Matu": "Daro-Matu Melanau", "Melanau, Kanowit-Tanjong": "Kanowit-Tanjong Melanau", "Melanau, Sibu": "Sibu Melanau", "Mende": "Mende (Sierra Leone)", "Meohang, Eastern": "Eastern Meohang", "Meohang, Western": "Western Meohang", "Me\u00e4nkieli": "Tornedalen Finnish", "Miao, Central Huishui": "Central Huishui Hmong", "Miao, Central Mashan": "Central Mashan Hmong", "Miao, Chuanqiandian Cluster": "Chuanqiandian Cluster Miao", "Miao, Da-Hua": "Large Flowery Miao", "Miao, Eastern Huishui": "Eastern Huishui Hmong", "Miao, Eastern Qiandong": "Eastern Qiandong Miao", "Miao, Eastern Xiangxi": "Eastern Xiangxi Miao", "Miao, Horned": "Horned Miao", "Miao, Large Flowery": "Large Flowery Miao", "Miao, Luopohe": "Luopohe Hmong", "Miao, Northern Guiyang": "Northern Guiyang Hmong", "Miao, Northern Huishui": "Northern Huishui Hmong", "Miao, Northern Mashan": "Northern Mashan Hmong", "Miao, Northern Qiandong": "Northern Qiandong Miao", "Miao, Sinicized": "Hmong Shua", "Miao, Small Flowery": "Small Flowery Miao", "Miao, Southern Guiyang": "Southern Guiyang Hmong", "Miao, Southern Mashan": "Southern Mashan Hmong", "Miao, Southern Qiandong": "Southern Qiandong Miao", "Miao, Southwestern Huishui": "Southwestern Huishui Hmong", "Miao, Western Mashan": "Western Mashan Hmong", "Miao, Western Xiangxi": "Western Xiangxi Miao", "Micmac": "Mi'kmaq", "Mien, Biao-Jiao": "Biao-Jiao Mien", "Mien, Iu": "Iu Mien", "Miji": "Sajalong", "Minigir": "Bilur", "Minyag, Eastern": "Eastern Minyag", "Minyag, Western": "Western Minyag", "Mirniny": "Mirning", "Miwok, Bay": "Bay Miwok", "Miwok, Central Sierra": "Central Sierra Miwok", "Miwok, Coast": "Coast Miwok", "Miwok, Lake": "Lake Miwok", "Miwok, Northern Sierra": "Northern Sierra Miwok", "Miwok, Plains": "Plains Miwok", "Miwok, Southern Sierra": "Southern Sierra Miwok", "Mixe, Coatl\u00e1n": "Coatl\u00e1n Mixe", "Mixe, Isthmus": "Isthmus Mixe", "Mixe, Juquila": "Juquila Mixe", "Mixe, Mazatl\u00e1n": "Mazatl\u00e1n Mixe", "Mixe, North Central": "North Central Mixe", "Mixe, Quetzaltepec": "Quetzaltepec Mixe", "Mixe, Tlahuitoltepec": "Tlahuitoltepec Mixe", "Mixe, Totontepec": "Totontepec Mixe", "Mixtec, Alacatlatzala": "Alacatlatzala Mixtec", "Mixtec, Alcozauca": "Alcozauca Mixtec", "Mixtec, Amoltepec": "Amoltepec Mixtec", "Mixtec, Apasco-Apoala": "Apasco-Apoala Mixtec", "Mixtec, Atatl\u00e1huca": "Atatl\u00e1huca Mixtec", "Mixtec, Ayutla": "Ayutla Mixtec", "Mixtec, Cacaloxtepec": "Cacaloxtepec Mixtec", "Mixtec, Chayuco": "Chayuco Mixtec", "Mixtec, Chazumba": "Chazumba Mixtec", "Mixtec, Chigmecatitl\u00e1n": "Chigmecatitl\u00e1n Mixtec", "Mixtec, Coatzospan": "Coatzospan Mixtec", "Mixtec, Cuyamecalco": "Cuyamecalco Mixtec", "Mixtec, Diuxi-Tilantongo": "Diuxi-Tilantongo Mixtec", "Mixtec, Huitepec": "Huitepec Mixtec", "Mixtec, Itundujia": "Itundujia Mixtec", "Mixtec, Ixtayutla": "Ixtayutla Mixtec", "Mixtec, Jamiltepec": "Jamiltepec Mixtec", "Mixtec, Juxtlahuaca": "Juxtlahuaca Mixtec", "Mixtec, Magdalena Pe\u00f1asco": "Magdalena Pe\u00f1asco Mixtec", "Mixtec, Metlat\u00f3noc": "Metlat\u00f3noc Mixtec", "Mixtec, Mitlatongo": "Mitlatongo Mixtec", "Mixtec, Mixtepec": "Mixtepec Mixtec", "Mixtec, Northern Tlaxiaco": "Northern Tlaxiaco Mixtec", "Mixtec, Northwest Oaxaca": "Northwest Oaxaca Mixtec", "Mixtec, Ocotepec": "Ocotepec Mixtec", "Mixtec, Pe\u00f1oles": "Pe\u00f1oles Mixtec", "Mixtec, Pinotepa Nacional": "Pinotepa Nacional Mixtec", "Mixtec, San Juan Colorado": "San Juan Colorado Mixtec", "Mixtec, San Juan Teita": "San Juan Teita Mixtec", "Mixtec, San Miguel El Grande": "San Miguel El Grande Mixtec", "Mixtec, San Miguel Piedras": "San Miguel Piedras Mixtec", "Mixtec, Santa Luc\u00eda Monteverde": "Santa Luc\u00eda Monteverde Mixtec", "Mixtec, Santa Mar\u00eda Zacatepec": "Santa Mar\u00eda Zacatepec Mixtec", "Mixtec, Silacayoapan": "Silacayoapan Mixtec", "Mixtec, Sindihui": "Sindihui Mixtec", "Mixtec, Sinicahua": "Sinicahua Mixtec", "Mixtec, Southeastern Nochixtl\u00e1n": "Southeastern Nochixtl\u00e1n Mixtec", "Mixtec, Southern Puebla": "Southern Puebla Mixtec", "Mixtec, Southwestern Tlaxiaco": "Southwestern Tlaxiaco Mixtec", "Mixtec, Soyaltepec": "Soyaltepec Mixtec", "Mixtec, Tacahua": "Tacahua Mixtec", "Mixtec, Tamazola": "Tamazola Mixtec", "Mixtec, Tezoatl\u00e1n": "Tezoatl\u00e1n Mixtec", "Mixtec, Tida\u00e1": "Tida\u00e1 Mixtec", "Mixtec, Tijaltepec": "Tijaltepec Mixtec", "Mixtec, Tlazoyaltepec": "Tlazoyaltepec Mixtec", "Mixtec, Tututepec": "Tututepec Mixtec", "Mixtec, Western Juxtlahuaca": "Western Juxtlahuaca Mixtec", "Mixtec, Yoloxochitl": "Yoloxochitl Mixtec", "Mixtec, Yosond\u00faa": "Yosond\u00faa Mixtec", "Mixtec, Yucua\u00f1e": "Yucua\u00f1e Mixtec", "Mixtec, Yutanduchi": "Yutanduchi Mixtec", "Mnong, Central": "Central Mnong", "Mnong, Eastern": "Eastern Mnong", "Mnong, Southern": "Southern Mnong", "Mo": "Wakde", "Mofu, North": "North Mofu", "Moldavian": "Romanian", "Moldovan": "Romanian", "Mon, Old": "Old Mon", "Mong": "Hmong", "Mong Leng": "Hmong Njua", "Mong Njua": "Hmong Njua", "Mongolian, Classical": "Classical Mongolian", "Mongolian, Halh": "Halh Mongolian", "Mongolian, Middle": "Middle Mongolian", "Mongolian, Peripheral": "Peripheral Mongolian", "Monpa, Kalaktang": "Kalaktang Monpa", "Monpa, Tawang": "Tawang Monpa", "Montagnais": "Innu", "Muji, Northern": "Northern Muji", "Muji, Qila": "Qila Muji", "Muji, Southern": "Southern Muji", "Mullukmulluk": "Malak Malak", "Mungbam": "Abar", "Muria, Eastern": "Eastern Muria", "Muria, Far Western": "Far Western Muria", "Muria, Western": "Western Muria", "Murut, Keningau": "Keningau Murut", "Murut, Tagal": "Tagal Murut", "Murut, Timugon": "Timugon Murut", "Musar": "Hember Avu", "Muyu, North": "North Muyu", "Muyu, South": "South Muyu", "Mwerlap": "Merlav", "Mwotlap": "Motlav", "M\u00e9a": "Tiri", "Naga, Akyaung Ari": "Akyaung Ari Naga", "Naga, Angami": "Angami Naga", "Naga, Ao": "Ao Naga", "Naga, Chang": "Chang Naga", "Naga, Chokri": "Chokri Naga", "Naga, Chothe": "Chothe Naga", "Naga, Inpui": "Inpui Naga", "Naga, Kharam": "Kharam Naga", "Naga, Khezha": "Khezha Naga", "Naga, Khiamniungan": "Khiamniungan Naga", "Naga, Khoibu": "Khoibu Naga", "Naga, Koki": "Koki Naga", "Naga, Konyak": "Konyak Naga", "Naga, Kyan-Karyaw": "Kyan-Karyaw Naga", "Naga, Lao": "Lao Naga", "Naga, Leinong": "Leinong Naga", "Naga, Liangmai": "Liangmai Naga", "Naga, Long Phuri": "Long Phuri Naga", "Naga, Lotha": "Lotha Naga", "Naga, Makuri": "Makuri Naga", "Naga, Makyan": "Makyan Naga", "Naga, Mao": "Mao Naga", "Naga, Maram": "Maram Naga", "Naga, Maring": "Maring Naga", "Naga, Monsang": "Monsang Naga", "Naga, Moyon": "Moyon Naga", "Naga, Mzieme": "Mzieme Naga", "Naga, Nocte": "Nocte Naga", "Naga, Northern Rengma": "Northern Rengma Naga", "Naga, Para": "Jejara Naga", "Naga, Phom": "Phom Naga", "Naga, Pochuri": "Pochuri Naga", "Naga, Ponyo-Gongwang": "Ponyo-Gongwang Naga", "Naga, Poumei": "Poumei Naga", "Naga, Puimei": "Puimei Naga", "Naga, Rongmei": "Rongmei Naga", "Naga, Sangtam": "Sangtam Naga", "Naga, Southern Rengma": "Southern Rengma Naga", "Naga, Sumi": "Sumi Naga", "Naga, Tangkhul (India)": "Tangkhul Naga (India)", "Naga, Tangkhul (Myanmar)": "Tangkhul Naga (Myanmar)", "Naga, Tarao": "Tarao Naga", "Naga, Tase": "Tase Naga", "Naga, Thangal": "Thangal Naga", "Naga, Tutsa": "Tutsa Naga", "Naga, Wancho": "Wancho Naga", "Naga, Yimchungru": "Yimchungru Naga", "Naga, Zeme": "Zeme Naga", "Nago, Northern": "Northern Nago", "Nago, Southern": "Southern Nago", "Naha'ai": "Malfaxal", "Nahavaq": "South West Bay", "Nahuatl, Central": "Central Nahuatl", "Nahuatl, Central Huasteca": "Central Huasteca Nahuatl", "Nahuatl, Central Puebla": "Central Puebla Nahuatl", "Nahuatl, Classical": "Classical Nahuatl", "Nahuatl, Coatepec": "Coatepec Nahuatl", "Nahuatl, Eastern Durango": "Eastern Durango Nahuatl", "Nahuatl, Eastern Huasteca": "Eastern Huasteca Nahuatl", "Nahuatl, Guerrero": "Guerrero Nahuatl", "Nahuatl, Highland Puebla": "Highland Puebla Nahuatl", "Nahuatl, Huaxcaleca": "Huaxcaleca Nahuatl", "Nahuatl, Isthmus-Cosoleacaque": "Isthmus-Cosoleacaque Nahuatl", "Nahuatl, Isthmus-Mecayapan": "Isthmus-Mecayapan Nahuatl", "Nahuatl, Isthmus-Pajapan": "Isthmus-Pajapan Nahuatl", "Nahuatl, Michoac\u00e1n": "Michoac\u00e1n Nahuatl", "Nahuatl, Morelos": "Morelos Nahuatl", "Nahuatl, Northern Oaxaca": "Northern Oaxaca Nahuatl", "Nahuatl, Northern Puebla": "Northern Puebla Nahuatl", "Nahuatl, Ometepec": "Ometepec Nahuatl", "Nahuatl, Orizaba": "Orizaba Nahuatl", "Nahuatl, Santa Mar\u00eda La Alta": "Santa Mar\u00eda La Alta Nahuatl", "Nahuatl, Sierra Negra": "Sierra Negra Nahuatl", "Nahuatl, Southeastern Puebla": "Southeastern Puebla Nahuatl", "Nahuatl, Tabasco": "Tabasco Nahuatl", "Nahuatl, Temascaltepec": "Temascaltepec Nahuatl", "Nahuatl, Tetelcingo": "Tetelcingo Nahuatl", "Nahuatl, Tlamacazapa": "Tlamacazapa Nahuatl", "Nahuatl, Western Durango": "Western Durango Nahuatl", "Nahuatl, Western Huasteca": "Western Huasteca Nahuatl", "Nahuatl, Zacatl\u00e1n-Ahuacatl\u00e1n-Tepetzintla": "Zacatl\u00e1n-Ahuacatl\u00e1n-Tepetzintla Nahuatl", "Nama (Namibia)": "Khoekhoe", "Nambas, Big": "Big Nambas", "Nambiku\u00e1ra, Southern": "Southern Nambiku\u00e1ra", "Narim": "Laarim", "Nasu, Wumeng": "Wumeng Nasu", "Nasu, Wusa": "Wusa Nasu", "Navaho": "Navajo", "Ndebele, North": "North Ndebele", "Ndebele, South": "South Ndebele", "Nenge": "Eastern Maroon Creole", "Neo-Aramaic, Assyrian": "Assyrian Neo-Aramaic", "Neo-Aramaic, Barzani Jewish": "Barzani Jewish Neo-Aramaic", "Neo-Aramaic, Bohtan": "Bohtan Neo-Aramaic", "Neo-Aramaic, Chaldean": "Chaldean Neo-Aramaic", "Neo-Aramaic, Western": "Western Neo-Aramaic", "Nepal Bhasa, Classical": "Classical Newari", "Nepali": "Nepali (macrolanguage)", "Neve'ei": "Vinmavis", "Neverver": "Lingarak", "Newar": "Nepal Bhasa", "Newar, Middle": "Middle Newar", "Newari": "Nepal Bhasa", "Newari, Classical": "Classical Newari", "Newari, Old": "Classical Newari", "Ngad'a, Eastern": "Eastern Ngad'a", "Ngaliwurru": "Djamindjung", "Ngbandi, Northern": "Northern Ngbandi", "Ngbandi, Southern": "Southern Ngbandi", "Ngeq": "Kriang", "Ngoreme": "Ngurimi", "Nhangu": "Yan-nhangu", "Nicarao": "Pipil", "Nicobarese, Car": "Car Nicobarese", "Nicobarese, Central": "Central Nicobarese", "Nicobarese, Southern": "Southern Nicobarese", "Ninde": "Labo", "Nisu, Eastern": "Eastern Nisu", "Nisu, Northern": "Northern Nisu", "Nisu, Northwestern": "Northwestern Nisu", "Nisu, Southern": "Southern Nisu", "Nisu, Southwestern": "Southwestern Nisu", "Noakhailla": "Noakhali", "Nora": "Norra", "Norse, Old": "Old Norse", "North Arabian, Ancient": "Ancient North Arabian", "Northeast Pashayi": "Northeast Pashai", "Northern Bai": "Panyi Bai", "Northern Guiyang Miao": "Northern Guiyang Hmong", "Northern Huishui Miao": "Northern Huishui Hmong", "Northern Lendu": "Ndrulo", "Northern Mashan Miao": "Northern Mashan Hmong", "Northern Pinghua": "Northern Ping Chinese", "Northern Sotho": "Pedi", "Northwest Pashayi": "Northwest Pashai", "Northwestern \u01c3Kung": "Sekele", "Norwegian, Traveller": "Traveller Norwegian", "Not applicable": "No linguistic content", "Nuaulu, North": "North Nuaulu", "Nuaulu, South": "South Nuaulu", "Nubian, Old": "Old Nubian", "Nuenonne": "Southeast Tasmanian", "Nuni, Northern": "Northern Nuni", "Nuni, Southern": "Southern Nuni", "Nunukul": "Ngunawal", "Nuosu": "Sichuan Yi", "Nuuchahnulth": "Nuu-chah-nulth", "Nyala, East": "East Nyala", "Nyel\u00e2yu": "Ny\u00e2layu", "Nynorsk, Norwegian": "Norwegian Nynorsk", "Occidental": "Interlingue", "Occitan, Old (to 1500)": "Old Proven\u00e7al (to 1500)", "Ohlone, Northern": "Northern Ohlone", "Ohlone, Southern": "Southern Ohlone", "Oirat": "Kalmyk", "Oirat, Written": "Written Oirat", "Ojibwa, Central": "Central Ojibwa", "Ojibwa, Eastern": "Eastern Ojibwa", "Ojibwa, Northwestern": "Northwestern Ojibwa", "Ojibwa, Severn": "Severn Ojibwa", "Ojibwa, Western": "Western Ojibwa", "Okinawan, Central": "Central Okinawan", "Old Bulgarian": "Church Slavic", "Old Church Slavonic": "Church Slavic", "Old Newari": "Classical Newari", "Old Occitan (to 1500)": "Old Proven\u00e7al (to 1500)", "Old Slavonic": "Church Slavic", "Olukhayo": "Khayo", "Oluluyia": "Luyia", "Olumarachi": "Marachi", "Olumarama": "Marama", "Olunyole": "Nyore", "Olusamia": "Saamia", "Olushisa": "Kisa", "Olutsotso": "Tsotso", "Oluwanga": "Wanga", "One, Inebu": "Inebu One", "One, Kabore": "Kabore One", "One, Kwamtim": "Kwamtim One", "One, Molmo": "Molmo One", "One, Northern": "Northern One", "One, Southern": "Southern One", "Oniyan": "Bassari", "Opuuo": "T'apo", "Oriya": "Oriya (macrolanguage)", "Oriya (individual language)": "Odia", "Oriya, Adivasi": "Adivasi Oriya", "Oromo, Borana-Arsi-Guji": "Borana-Arsi-Guji Oromo", "Oromo, Eastern": "Eastern Oromo", "Oromo, West Central": "West Central Oromo", "Ossetic": "Ossetian", "Ossetic, Old": "Old Ossetic", "Otomi, Eastern Highland": "Eastern Highland Otomi", "Otomi, Estado de M\u00e9xico": "Estado de M\u00e9xico Otomi", "Otomi, Ixtenco": "Ixtenco Otomi", "Otomi, Mezquital": "Mezquital Otomi", "Otomi, Quer\u00e9taro": "Quer\u00e9taro Otomi", "Otomi, Temoaya": "Temoaya Otomi", "Otomi, Tenango": "Tenango Otomi", "Otomi, Texcatepec": "Texcatepec Otomi", "Otomi, Tilapa": "Tilapa Otomi", "Pa'O": "Pa'o Karen", "Pahari, Kullu": "Kullu Pahari", "Pahari, Mahasu": "Mahasu Pahari", "Paiute, Northern": "Northern Paiute", "Palaung, Ruching": "Ruching Palaung", "Palaung, Rumai": "Rumai Palaung", "Palaung, Shwe": "Shwe Palaung", "Palawano, Brooke's Point": "Brooke's Point Palawano", "Palawano, Central": "Central Palawano", "Palawano, Southwest": "Southwest Palawano", "Palula": "Phalura", "Pame, Central": "Central Pame", "Pame, Northern": "Northern Pame", "Pame, Southern": "Southern Pame", "Panjabi, Western": "Western Panjabi", "Pano, Kulina": "Kulina Pano", "Panytyima": "Banyjima", "Para Naga": "Jejara Naga", "Pashai, Northeast": "Northeast Pashai", "Pashai, Northwest": "Northwest Pashai", "Pashai, Southeast": "Southeast Pashai", "Pashai, Southwest": "Southwest Pashai", "Pashayi, Northeast": "Northeast Pashai", "Pashayi, Northwest": "Northwest Pashai", "Pashayi, Southeast": "Southeast Pashai", "Pashayi, Southwest": "Southwest Pashai", "Pashto": "Pushto", "Pashto, Central": "Central Pashto", "Pashto, Northern": "Northern Pashto", "Pashto, Southern": "Southern Pashto", "Peerapper": "Northwestern Tasmanian", "Penan, Eastern": "Eastern Penan", "Penan, Western": "Western Penan", "Persian Sign Language": "Iranian Sign Language", "Persian, Afghan": "Dari", "Persian, Iranian": "Iranian Persian", "Persian, Manichaean Middle": "Manichaean Middle Persian", "Persian, Old (ca. 600-400 B.C.)": "Old Persian (ca. 600-400 B.C.)", "Persian, Old (ca.600-400 B.C.)": "Old Persian (ca. 600-400 B.C.)", "Phola, Alo": "Alo Phola", "Phowa, Ani": "Ani Phowa", "Phowa, Hlepho": "Hlepho Phowa", "Phowa, Labo": "Labo Phowa", "Picene, North": "North Picene", "Picene, South": "South Picene", "Pidgin English, Chinese": "Chinese Pidgin English", "Pidgin English, Ghanaian": "Ghanaian Pidgin English", "Pidgin, Cameroon": "Cameroon Pidgin", "Pidgin, Nigerian": "Nigerian Pidgin", "Pidgin, Timor": "Timor Pidgin", "Pilipino": "Filipino", "Pinghua, Northern": "Northern Ping Chinese", "Pinghua, Southern": "Southern Ping Chinese", "Poguli": "Khah", "Pomo, Central": "Central Pomo", "Pomo, Eastern": "Eastern Pomo", "Pomo, Northeastern": "Northeastern Pomo", "Pomo, Northern": "Northern Pomo", "Pomo, Southeastern": "Southeastern Pomo", "Pomo, Southern": "Southern Pomo", "Pongu": "Pangu", "Popoloca, Coyotepec": "Coyotepec Popoloca", "Popoloca, Mezontla": "Mezontla Popoloca", "Popoloca, San Felipe Otlaltepec": "San Felipe Otlaltepec Popoloca", "Popoloca, San Juan Atzingo": "San Juan Atzingo Popoloca", "Popoloca, San Lu\u00eds Temalacayuca": "San Lu\u00eds Temalacayuca Popoloca", "Popoloca, San Marcos Tlacoyalco": "San Marcos Tlacoyalco Popoloca", "Popoloca, San Marcos Tlalcoyalco": "San Marcos Tlacoyalco Popoloca", "Popoloca, Santa In\u00e9s Ahuatempan": "Santa In\u00e9s Ahuatempan Popoloca", "Popoluca, Highland": "Highland Popoluca", "Popoluca, Oluta": "Oluta Popoluca", "Popoluca, Sayula": "Sayula Popoluca", "Popoluca, Texistepec": "Texistepec Popoluca", "Poule": "Molof", "Proven\u00e7al, Old (to 1500)": "Old Proven\u00e7al (to 1500)", "Pr\u0101krit, Ardham\u0101gadh\u012b": "Ardham\u0101gadh\u012b Pr\u0101krit", "Pr\u0101krit, M\u0101h\u0101r\u0101\u1e63\u1e6dri": "M\u0101h\u0101r\u0101\u1e63\u1e6dri Pr\u0101krit", "Pr\u0101krit, Sauraseni": "Sauraseni Pr\u0101krit", "Pumi, Northern": "Northern Pumi", "Pumi, Southern": "Southern Pumi", "Punjabi": "Panjabi", "Purepecha, Western Highland": "Western Highland Purepecha", "Pyemmairrener": "Northeastern Tasmanian", "Qiang, Northern": "Northern Qiang", "Qiang, Southern": "Southern Qiang", "Quechua, Ambo-Pasco": "Ambo-Pasco Quechua", "Quechua, Arequipa-La Uni\u00f3n": "Arequipa-La Uni\u00f3n Quechua", "Quechua, Ayacucho": "Ayacucho Quechua", "Quechua, Cajamarca": "Cajamarca Quechua", "Quechua, Cajatambo North Lima": "Cajatambo North Lima Quechua", "Quechua, Chachapoyas": "Chachapoyas Quechua", "Quechua, Chincha": "Chincha Quechua", "Quechua, Chiqui\u00e1n Ancash": "Chiqui\u00e1n Ancash Quechua", "Quechua, Classical": "Classical Quechua", "Quechua, Corongo Ancash": "Corongo Ancash Quechua", "Quechua, Cusco": "Cusco Quechua", "Quechua, Eastern Apur\u00edmac": "Eastern Apur\u00edmac Quechua", "Quechua, Huallaga Hu\u00e1nuco": "Huallaga Hu\u00e1nuco Quechua", "Quechua, Huamal\u00edes-Dos de Mayo Hu\u00e1nuco": "Huamal\u00edes-Dos de Mayo Hu\u00e1nuco Quechua", "Quechua, Huaylas Ancash": "Huaylas Ancash Quechua", "Quechua, Huaylla Wanca": "Huaylla Wanca Quechua", "Quechua, Jauja Wanca": "Jauja Wanca Quechua", "Quechua, Lambayeque": "Lambayeque Quechua", "Quechua, Margos-Yarowilca-Lauricocha": "Margos-Yarowilca-Lauricocha Quechua", "Quechua, Napo Lowland": "Napo Lowland Quechua", "Quechua, North Bolivian": "North Bolivian Quechua", "Quechua, North Jun\u00edn": "North Jun\u00edn Quechua", "Quechua, Northern Conchucos Ancash": "Northern Conchucos Ancash Quechua", "Quechua, Pacaraos": "Pacaraos Quechua", "Quechua, Panao Hu\u00e1nuco": "Panao Hu\u00e1nuco Quechua", "Quechua, Puno": "Puno Quechua", "Quechua, San Mart\u00edn": "San Mart\u00edn Quechua", "Quechua, Santa Ana de Tusi Pasco": "Santa Ana de Tusi Pasco Quechua", "Quechua, Sihuas Ancash": "Sihuas Ancash Quechua", "Quechua, South Bolivian": "South Bolivian Quechua", "Quechua, Southern Conchucos Ancash": "Southern Conchucos Ancash Quechua", "Quechua, Southern Pastaza": "Southern Pastaza Quechua", "Quechua, Yanahuanca Pasco": "Yanahuanca Pasco Quechua", "Quechua, Yauyos": "Yauyos Quechua", "Quichua, Calder\u00f3n Highland": "Calder\u00f3n Highland Quichua", "Quichua, Ca\u00f1ar Highland": "Ca\u00f1ar Highland Quichua", "Quichua, Chimborazo Highland": "Chimborazo Highland Quichua", "Quichua, Imbabura Highland": "Imbabura Highland Quichua", "Quichua, Loja Highland": "Loja Highland Quichua", "Quichua, Northern Pastaza": "Northern Pastaza Quichua", "Quichua, Salasaca Highland": "Salasaca Highland Quichua", "Quichua, Santiago del Estero": "Santiago del Estero Quichua", "Quichua, Tena Lowland": "Tena Lowland Quichua", "Quich\u00e9": "K'iche'", "Rai, Dewas": "Dewas Rai", "Riang (Myanmar)": "Riang Lang", "Rifao": "Nimoa", "Roglai, Cacgia": "Cacgia Roglai", "Roglai, Northern": "Northern Roglai", "Roglai, Southern": "Southern Roglai", "Romani, Balkan": "Balkan Romani", "Romani, Baltic": "Baltic Romani", "Romani, Carpathian": "Carpathian Romani", "Romani, Kalo Finnish": "Kalo Finnish Romani", "Romani, Sinte": "Sinte Romani", "Romani, Tavringer": "Tavringer Romani", "Romani, Vlax": "Vlax Romani", "Romani, Welsh": "Welsh Romani", "Romanian, Istro": "Istro Romanian", "Romanian, Macedo-": "Macedo-Romanian", "Romanian, Megleno": "Megleno Romanian", "Rusnak": "Ruthenian", "Russian, Old": "Old Russian", "Sadri, Oraon": "Oraon Sadri", "Sakan": "Khotanese", "Salako": "Kendayan", "Salish, Southern Puget Sound": "Southern Puget Sound Salish", "Salish, Straits": "Straits Salish", "Sama, Bangingih": "Balangingi", "Sama, Central": "Central Sama", "Sama, Pangutaran": "Pangutaran Sama", "Sama, Southern": "Southern Sama", "Sambal, Botolan": "Botolan Sambal", "Sami, Akkala": "Akkala Sami", "Sami, Inari": "Inari Sami", "Sami, Kemi": "Kemi Sami", "Sami, Kildin": "Kildin Sami", "Sami, Northern": "Northern Sami", "Sami, Pite": "Pite Sami", "Sami, Skolt": "Skolt Sami", "Sami, Southern": "Southern Sami", "Sami, Ter": "Ter Sami", "Sami, Ume": "Ume Sami", "Samo, Matya": "Matya Samo", "Samo, Maya": "Maya Samo", "Samo, Southern": "Southern Samo", "San Juan Guelav\u00eda Zapotec": "Western Tlacolula Valley Zapotec", "San Marcos Tlalcoyalco Popoloca": "San Marcos Tlacoyalco Popoloca", "Sango, Riverain": "Riverain Sango", "Sardinian, Campidanese": "Campidanese Sardinian", "Sardinian, Gallurese": "Gallurese Sardinian", "Sardinian, Logudorese": "Logudorese Sardinian", "Sardinian, Sassarese": "Sassarese Sardinian", "Saxon, Low": "Low German", "Saxon, Old": "Old Saxon", "Saxon, Upper": "Upper Saxon", "Scottish, Traveller": "Traveller Scottish", "Seediq": "Sediq", "Sekak": "Loncong", "Sena, Malawi": "Malawi Sena", "Senoufo, Cebaara": "Cebaara Senoufo", "Senoufo, Djimini": "Djimini Senoufo", "Senoufo, Mamara": "Mamara Senoufo", "Senoufo, Nyarafolo": "Nyarafolo Senoufo", "Senoufo, Palaka": "Palaka Senoufo", "Senoufo, Shempire": "Shempire Senoufo", "Senoufo, Supyire": "Supyire Senoufo", "Senoufo, Syenara": "Syenara Senoufo", "Senoufo, Tagwana": "Tagwana Senoufo", "Sepedi": "Pedi", "Seraiki": "Saraiki", "Shabo": "Chabu", "Shangzhai": "sTodsde", "Shina, Kohistani": "Kohistani Shina", "Shixing": "Shuhi", "Sign Languages": "sign languages", "Silesian, Lower": "Lower Silesian", "Sinhalese": "Sinhala", "Sinicized Miao": "Hmong Shua", "Sisaala, Tumulung": "Tumulung Sisaala", "Sisaala, Western": "Western Sisaala", "Slavey, North": "North Slavey", "Slavey, South": "South Slavey", "Slavic, Church": "Church Slavic", "Slavonic, Church": "Church Slavic", "Slavonic, Old": "Church Slavic", "Slavonic, Old Church": "Church Slavic", "Sochiapan Chinantec": "Sochiapam Chinantec", "Songhai, Koyraboro Senni": "Koyraboro Senni Songhai", "Songhay, Humburi Senni": "Humburi Senni Songhay", "Songhay, Koyra Chiini": "Koyra Chiini Songhay", "Songway Kiini, Tondi": "Tondi Songway Kiini", "Sorbian, Lower": "Lower Sorbian", "Sorbian, Upper": "Upper Sorbian", "Sorsoganon, Northern": "Northern Sorsoganon", "Sorsoganon, Southern": "Southern Sorsoganon", "Sotho, Northern": "Pedi", "Sotho, Southern": "Southern Sotho", "Southeast Pashayi": "Southeast Pashai", "Southern Guiyang Miao": "Southern Guiyang Hmong", "Southern Mashan Miao": "Southern Mashan Hmong", "Southern Pinghua": "Southern Ping Chinese", "Southwest Pashayi": "Southwest Pashai", "Southwestern Huishui Miao": "Southwestern Huishui Hmong", "Sowari": "Demta", "Spanish, Loreto-Ucayali": "Loreto-Ucayali Spanish", "Spanish, Old": "Old Spanish", "Stieng, Budeh": "Budeh Stieng", "Stieng, Bulo": "Bulo Stieng", "Subanen, Central": "Central Subanen", "Subanen, Eastern": "Eastern Subanen", "Subanen, Northern": "Northern Subanen", "Subanen, Southern": "Southern Subanen", "Subanon, Kolibugan": "Kolibugan Subanon", "Subanon, Western": "Western Subanon", "Sundanese, Old": "Old Sundanese", "Sunum": "Yamna", "Surayt": "Turoyo", "Suri": "Tirmaga-Chai Suri", "Suri, Kacipo-Bale": "Kacipo-Bale Suri", "Suri, Tirmaga-Chai": "Tirmaga-Chai Suri", "Swahili": "Swahili (macrolanguage)", "Swahili, Congo": "Congo Swahili", "Syriac, Classical": "Classical Syriac", "S\u00e9noufo, Nanerig\u00e9": "Nanerig\u00e9 S\u00e9noufo", "S\u00e9noufo, Senara": "Senara S\u00e9noufo", "S\u00e9noufo, S\u00ecc\u00ect\u00e9": "S\u00ecc\u00ect\u00e9 S\u00e9noufo", "S\u00eesh\u00eb\u00eb": "Zire", "Ta'oih, Lower": "Lower Ta'oih", "Ta'oih, Upper": "Upper Ta'oih", "Tagbanwa, Calamian": "Calamian Tagbanwa", "Tagbanwa, Central": "Central Tagbanwa", "Tai Yo": "Tai Do", "Tairora, North": "North Tairora", "Tairora, South": "South Tairora", "Talaandig": "Binukid", "Tamahaq, Tahaggart": "Tahaggart Tamahaq", "Tamajaq, Tawallammat": "Tawallammat Tamajaq", "Tamajeq, Tayart": "Tayart Tamajeq", "Tamang, Eastern": "Eastern Tamang", "Tamang, Eastern Gorkha": "Eastern Gorkha Tamang", "Tamang, Western": "Western Tamang", "Tamazight, Central Atlas": "Central Atlas Tamazight", "Tamazight, Standard Moroccan": "Standard Moroccan Tamazight", "Tamazight, Temacine": "Temacine Tamazight", "Tamazight, Tidikelt": "Tidikelt Tamazight", "Tamil, Old": "Old Tamil", "Tanana, Lower": "Lower Tanana", "Tanana, Upper": "Upper Tanana", "Tankarana Malagasy": "Antankarana Malagasy", "Tanna, North": "North Tanna", "Tanna, Southwest": "Southwest Tanna", "Tarahumara, Central": "Central Tarahumara", "Tarahumara, Lowland": "Lowland Tarahumara", "Tarahumara, Northern": "Northern Tarahumara", "Tarahumara, Southeastern": "Southeastern Tarahumara", "Tarahumara, Southwestern": "Southwestern Tarahumara", "Tarangan, East": "East Tarangan", "Tarangan, West": "West Tarangan", "Taroko": "Sediq", "Taromi, Upper": "Upper Taromi", "Tasmanian, Bruny Island": "Bruny Island Tasmanian", "Tasmanian, North Midlands": "North Midlands Tasmanian", "Tasmanian, Northeastern": "Northeastern Tasmanian", "Tasmanian, Northern": "Northern Tasmanian", "Tasmanian, Northwestern": "Northwestern Tasmanian", "Tasmanian, Oyster Bay": "Oyster Bay Tasmanian", "Tasmanian, Port Sorell": "Port Sorell Tasmanian", "Tasmanian, Southeast": "Southeast Tasmanian", "Tasmanian, Southwestern": "Southwestern Tasmanian", "Tat, Muslim": "Muslim Tat", "Tatar, Crimean": "Crimean Tatar", "Tatar, Siberian": "Siberian Tatar", "Tawbuid, Eastern": "Eastern Tawbuid", "Tawbuid, Western": "Western Tawbuid", "Tebi": "Dubu", "Teke, Ibali": "Ibali Teke", "Teluti": "Sou Nama", "Tena": "Betaf", "Tepehua, Huehuetla": "Huehuetla Tepehua", "Tepehua, Pisaflores": "Pisaflores Tepehua", "Tepehua, Tlachichilco": "Tlachichilco Tepehua", "Tepehuan, Northern": "Northern Tepehuan", "Tepehuan, Southeastern": "Southeastern Tepehuan", "Tepehuan, Southwestern": "Southwestern Tepehuan", "Thai, Northeastern": "Northeastern Thai", "Thai, Northern": "Northern Thai", "Thai, Southern": "Southern Thai", "Tharu, Chitwania": "Chitwania Tharu", "Tharu, Dangaura": "Dangaura Tharu", "Tharu, Kathoriya": "Kathoriya Tharu", "Tharu, Kochila": "Kochila Tharu", "Tharu, Rana": "Rana Tharu", "Thayore": "Kuuk Thaayorre", "Thurawal": "Dharawal", "Tibetan, Amdo": "Amdo Tibetan", "Tibetan, Classical": "Classical Tibetan", "Tibetan, Khams": "Khams Tibetan", "Tibetan, Old": "Old Tibetan", "Tidung, Northern": "Northern Tidung", "Tidung, Southern": "Southern Tidung", "Timbisha": "Panamint", "Tiwa, Northern": "Northern Tiwa", "Tiwa, Southern": "Southern Tiwa", "Tlacoapa Tlapanec": "Tlacoapa Me'phaa", "Tlapanec, Acatepec": "Acatepec Me'phaa", "Tlapanec, Azoy\u00fa": "Azoy\u00fa Me'phaa", "Tlapanec, Malinaltepec": "Malinaltepec Me'phaa", "Tlapanec, Tlacoapa": "Tlacoapa Me'phaa", "Tommeginne": "Northern Tasmanian", "Toogee": "Southwestern Tasmanian", "Totonac, Coyutla": "Coyutla Totonac", "Totonac, Filomena Mata-Coahuitl\u00e1n": "Filomena Mata-Coahuitl\u00e1n Totonac", "Totonac, Highland": "Highland Totonac", "Totonac, Papantla": "Papantla Totonac", "Totonac, Tecpatl\u00e1n": "Tecpatl\u00e1n Totonac", "Totonac, Upper Necaxa": "Upper Necaxa Totonac", "Totonac, Western": "Western Totonac", "Totonac, Xicotepec De Ju\u00e1rez": "Xicotepec De Ju\u00e1rez Totonac", "Totonac, Yecuatla": "Yecuatla Totonac", "Toussian, Northern": "Northern Toussian", "Toussian, Southern": "Southern Toussian", "Tripuri, Early": "Early Tripuri", "Triqui, Chicahuaxtla": "Chicahuaxtla Triqui", "Triqui, Copala": "Copala Triqui", "Triqui, San Mart\u00edn Itunyoso": "San Mart\u00edn Itunyoso Triqui", "Tsaukambo": "Tsakwambo", "Tsotsitaal": "Flaaitaal", "Tujia, Northern": "Northern Tujia", "Tujia, Southern": "Southern Tujia", "Tunebo, Angosturas": "Angosturas Tunebo", "Tunebo, Barro Negro": "Barro Negro Tunebo", "Tunebo, Central": "Central Tunebo", "Tunebo, Western": "Western Tunebo", "Turkish, Balkan Gagauz": "Balkan Gagauz Turkish", "Turkish, Crimean": "Crimean Tatar", "Turkish, Old": "Old Turkish", "Turkish, Ottoman (1500-1928)": "Ottoman Turkish (1500-1928)", "Tutchone, Northern": "Northern Tutchone", "Tutchone, Southern": "Southern Tutchone", "Tyaraity": "Kuwema", "Tyerrenoterpanner": "North Midlands Tasmanian", "T\u00fcrk \u0130\u015faret Dili": "Turkish Sign Language", "Uighur, Old": "Old Uighur", "Umbuygamu": "Morrobalama", "Umpqua, Upper": "Upper Umpqua", "Uvean, West": "West Uvean", "Uyghur": "Uighur", "Uzbek, Northern": "Northern Uzbek", "Uzbek, Southern": "Southern Uzbek", "V'\u00ebnen Taut": "Big Nambas", "Vaeakau-Taumako": "Pileni", "Valencian": "Catalan", "Vasekele": "Sekele", "Viid": "Senggi", "Vure": "Lakon", "Waanyi": "Wanyi", "Wahgi, North": "North Wahgi", "Wanbasana": "Alaba-K\u2019abeena", "Wangganguru": "Wangkangurru", "Wangkajunga": "Martu Wangka", "Wangkatha": "Pindiini", "Waray": "Waray (Philippines)", "Warluwara": "Waluwarra", "Watut, Middle": "Middle Watut", "Watut, North": "North Watut", "Watut, South": "South Watut", "Welsh, Middle": "Middle Welsh", "Welsh, Old": "Old Welsh", "Western Canadian Inuktitut": "Inuinnaqtun", "Western Mashan Miao": "Western Mashan Hmong", "Western Pahari languages": "Himachali languages", "Wolaitta": "Wolaytta", "Wolof, Gambian": "Gambian Wolof", "Wondama": "Wamesa", "Yale, Kosarek": "Kosarek Yale", "Yali, Angguruk": "Angguruk Yali", "Yali, Ninia": "Ninia Yali", "Yali, Pass Valley": "Pass Valley Yali", "Yamphu, Southern": "Southern Yamphu", "Yi, Axi": "Axi Yi", "Yi, Naluo": "Naluo Yi", "Yi, Sichuan": "Sichuan Yi", "Yi, Wuding-Luquan": "Wuding-Luquan Yi", "Yiddish, Eastern": "Eastern Yiddish", "Yiddish, Western": "Western Yiddish", "Yinchia": "Riang Lai", "Yintale": "Yintale Karen", "Yipma": "Baruya", "Yucatec Maya": "Yucateco", "Yugur, East": "East Yugur", "Yugur, West": "West Yugur", "Yukaghir, Northern": "Northern Yukaghir", "Yukaghir, Southern": "Southern Yukaghir", "Yumplatok": "Torres Strait Creole", "Yupik, Central": "Central Yupik", "Yupik, Central Siberian": "Central Siberian Yupik", "Yupik, Naukan": "Naukan Yupik", "Yupik, Pacific Gulf": "Pacific Gulf Yupik", "Yupik, Sirenik": "Sirenik Yupik", "Zapotec, Alo\u00e1pam": "Alo\u00e1pam Zapotec", "Zapotec, Amatl\u00e1n": "Amatl\u00e1n Zapotec", "Zapotec, Ancient": "Ancient Zapotec", "Zapotec, Asunci\u00f3n Mixtepec": "Asunci\u00f3n Mixtepec Zapotec", "Zapotec, Ayoquesco": "Ayoquesco Zapotec", "Zapotec, Cajonos": "Cajonos Zapotec", "Zapotec, Chichicapan": "Chichicapan Zapotec", "Zapotec, Choapan": "Choapan Zapotec", "Zapotec, Coatecas Altas": "Coatecas Altas Zapotec", "Zapotec, Coatl\u00e1n": "Coatl\u00e1n Zapotec", "Zapotec, El Alto": "El Alto Zapotec", "Zapotec, Elotepec": "Elotepec Zapotec", "Zapotec, Guevea De Humboldt": "Guevea De Humboldt Zapotec", "Zapotec, G\u00fcil\u00e1": "G\u00fcil\u00e1 Zapotec", "Zapotec, Isthmus": "Isthmus Zapotec", "Zapotec, Lachiguiri": "Lachiguiri Zapotec", "Zapotec, Lachix\u00edo": "Lachix\u00edo Zapotec", "Zapotec, Lapagu\u00eda-Guivini": "Lapagu\u00eda-Guivini Zapotec", "Zapotec, Las Delicias": "Las Delicias Zapotec", "Zapotec, Loxicha": "Loxicha Zapotec", "Zapotec, Mazaltepec": "Mazaltepec Zapotec", "Zapotec, Miahuatl\u00e1n": "Miahuatl\u00e1n Zapotec", "Zapotec, Mitla": "Mitla Zapotec", "Zapotec, Mixtepec": "Mixtepec Zapotec", "Zapotec, Ocotl\u00e1n": "Ocotl\u00e1n Zapotec", "Zapotec, Ozolotepec": "Ozolotepec Zapotec", "Zapotec, Petapa": "Petapa Zapotec", "Zapotec, Quiavicuzas": "Quiavicuzas Zapotec", "Zapotec, Quioquitani-Quier\u00ed": "Quioquitani-Quier\u00ed Zapotec", "Zapotec, Rinc\u00f3n": "Rinc\u00f3n Zapotec", "Zapotec, San Agust\u00edn Mixtepec": "San Agust\u00edn Mixtepec Zapotec", "Zapotec, San Baltazar Loxicha": "San Baltazar Loxicha Zapotec", "Zapotec, San Juan Guelav\u00eda": "Western Tlacolula Valley Zapotec", "Zapotec, San Pedro Quiatoni": "San Pedro Quiatoni Zapotec", "Zapotec, San Vicente Coatl\u00e1n": "San Vicente Coatl\u00e1n Zapotec", "Zapotec, Santa Catarina Albarradas": "Santa Catarina Albarradas Zapotec", "Zapotec, Santa In\u00e9s Yatzechi": "Santa In\u00e9s Yatzechi Zapotec", "Zapotec, Santa Mar\u00eda Quiegolani": "Santa Mar\u00eda Quiegolani Zapotec", "Zapotec, Santiago Xanica": "Santiago Xanica Zapotec", "Zapotec, Santo Domingo Albarradas": "Santo Domingo Albarradas Zapotec", "Zapotec, Sierra de Ju\u00e1rez": "Sierra de Ju\u00e1rez Zapotec", "Zapotec, Southeastern Ixtl\u00e1n": "Southeastern Ixtl\u00e1n Zapotec", "Zapotec, Southern Rincon": "Southern Rincon Zapotec", "Zapotec, Tabaa": "Tabaa Zapotec", "Zapotec, Tejalapan": "Tejalapan Zapotec", "Zapotec, Texmelucan": "Texmelucan Zapotec", "Zapotec, Tilquiapan": "Tilquiapan Zapotec", "Zapotec, Tlacolulita": "Tlacolulita Zapotec", "Zapotec, Totomachapan": "Totomachapan Zapotec", "Zapotec, Western Tlacolula Valley": "Western Tlacolula Valley Zapotec", "Zapotec, Xadani": "Xadani Zapotec", "Zapotec, Xanagu\u00eda": "Xanagu\u00eda Zapotec", "Zapotec, Yal\u00e1lag": "Yal\u00e1lag Zapotec", "Zapotec, Yareni": "Yareni Zapotec", "Zapotec, Yatee": "Yatee Zapotec", "Zapotec, Yatzachi": "Yatzachi Zapotec", "Zapotec, Yautepec": "Yautepec Zapotec", "Zapotec, Zaachila": "Zaachila Zapotec", "Zapotec, Zaniza": "Zaniza Zapotec", "Zapotec, Zoogocho": "Zoogocho Zapotec", "Zaysete": "Zayse-Zergulla", "Zazaki": "Zaza", "Zhuang, Central Hongshuihe": "Central Hongshuihe Zhuang", "Zhuang, Dai": "Dai Zhuang", "Zhuang, Eastern Hongshuihe": "Eastern Hongshuihe Zhuang", "Zhuang, Guibei": "Guibei Zhuang", "Zhuang, Guibian": "Guibian Zhuang", "Zhuang, Lianshan": "Lianshan Zhuang", "Zhuang, Liujiang": "Liujiang Zhuang", "Zhuang, Liuqian": "Liuqian Zhuang", "Zhuang, Minz": "Minz Zhuang", "Zhuang, Nong": "Nong Zhuang", "Zhuang, Qiubei": "Qiubei Zhuang", "Zhuang, Yang": "Yang Zhuang", "Zhuang, Yongbei": "Yongbei Zhuang", "Zhuang, Yongnan": "Yongnan Zhuang", "Zhuang, Youjiang": "Youjiang Zhuang", "Zhuang, Zuojiang": "Zuojiang Zhuang", "Zoque, Chimalapa": "Chimalapa Zoque", "Zoque, Copainal\u00e1": "Copainal\u00e1 Zoque", "Zoque, Francisco Le\u00f3n": "Francisco Le\u00f3n Zoque", "Zoque, Ray\u00f3n": "Ray\u00f3n Zoque", "Zoque, Tabasco": "Tabasco Zoque", "Zorop": "Yafi", "finlandssvenskt teckenspr\u00e5k": "Finland-Swedish Sign Language", "suomenruotsalainen viittomakieli": "Finland-Swedish Sign Language", "tlhIngan Hol": "Klingon", "tlhIngan-Hol": "Klingon", "\u00c4iwoo": "Ayiwo", "\u00d6vdalian": "Elfdalian", "\u01c2'Amkhoe": "\u01c2Hua", "\u01c3Kung, Northwestern": "Sekele"}